slug,total_downloads,rating_user,num_reviewers,plugin_age_since_release,last_update_year,freq_update_per_year,wp_requires,wp_tested,support_response_rate,open_issues,num_files,num_php_files,loc,plugin_size_kb,vulnerable
force-regenerate-thumbnails,4838193,94,183,13,1,1,6.6,6.9.1,0,1,9,3,1273,65.29,0
imsanity,4440967,98,291,14,1,1,6.6,6.9.1,1,0,19,7,2485,195.88,0
wpcf7-recaptcha,3901651,100,89,7,1,1,4.9,6.7.4,0,0,8,3,888,130.17,0
recent-posts-widget-with-thumbnails,3597867,96,212,11,1,1,4.6,6.9.1,0.8,1,9,5,1290,121.84,0
kliken-marketing-for-google,3453755,54,29,6,1,1,5.8,6.9.1,0,0,74,46,2841,402.83,0
easy-google-fonts,3371060,92,218,12,4,0.25,5.8,5.8.12,0,0,87,16,2145,2153.42,0
block-bad-queries,3251096,98,156,16,1,1,4.7,6.9.1,0,0,16,3,374,341.13,0
simple-social-icons,3238060,86,91,14,1,1,4,6.9.1,0,0,50,2,783,869.22,0
woocommerce-direct-checkout,3123080,96,403,12,1,1,4.7,6.9.1,1,0,140,88,8428,1007.15,0
simple-custom-css,3065582,94,159,12,1,1,3.0.1,6.7.4,0,0,22,4,374,1721.62,0
cyr2lat,3061532,94,97,18,1,1,5.3,6.9.1,0.6,2,65,41,11961,417.52,0
disable-remove-google-fonts,2836132,90,46,6,1,1,4.8,6.9.1,0,0,12,5,1202,128.13,0
ssl-insecure-content-fixer,2648924,96,221,13,1,1,4,6.9.1,0,0,23,12,1202,69.37,0
mailgun,2629511,76,48,13,1,1,5.6,6.8.3,0,1,29,8,2797,584.31,0
cache-enabler,2604242,86,138,10,1,1,5.1,6.9.1,0,3,10,7,4409,212.32,0
acf-content-analysis-for-yoast-seo,2531118,84,34,10,1,1,6.6,6.9.1,0,1,80,37,3797,281.72,0
fast-indexing-api,2507996,72,36,6,1,1,5.6,6.6.4,0,0,717,669,98213,3708.93,0
search-regex,2378500,94,97,18,1,1,6.5,6.9.1,1,0,108,99,11889,852.34,0
statify,2375052,96,50,14,1,1,4.7,6.9.1,1,0,29,14,1867,405.5,0
woocommerce-legacy-rest-api,2292185,30,27,2,1,1,6.2,FALSE,0,0,46,43,19929,747.23,0
q2w3-fixed-widget,2291748,94,261,13,2,0.5,5,6.2.8,0,0,9,3,519,154.74,0
jetpack-protect,2288907,94,119,3,1,1,6.7,6.9.1,1,0,508,303,81242,8981.51,0
go-live-update-urls,2271581,90,59,14,1,1,6.2.0,6.9.1,0,0,24,14,1738,103.26,0
head-footer-code,2247216,100,52,10,1,1,4.9,7,0,1,23,14,2508,149.46,0
varnish-http-purge,2159337,88,26,14,1,1,5,6.9.1,1,0,25,7,5742,1036.46,0
gosmtp,2070570,82,8,3,1,1,5.5,6.9.1,0,1,44,17,3119,301.17,0
connect-polylang-elementor,2031919,96,50,7,1,1,5.4,6.9.1,0.2,4,275,18,2839,575.75,0
siteground-migrator,2013736,86,393,7,1,1,4.8,6.9.1,0,0,86,61,7215,858.19,0
wpcat2tag-importer,1790535,86,16,15,1,1,3,6.7.4,0,0,3,1,401,25.46,0
nav-menu-roles,1741173,98,218,13,1,1,4.5.0,6.8.0,0,0,17,9,1638,104.71,0
custom-post-type-permalinks,1710618,96,71,14,1,1,6.1,6.6.4,0,0,27,11,1692,183.77,0
advanced-excerpt,1541451,86,101,18,2,0.5,3.2,6.4.7,0,2,13,6,810,129.66,0
edit-author-slug,1523204,96,84,16,1,1,5.8,6.8.3,0,0,17,10,2284,131.75,0
contact-form-7-image-captcha,1518109,94,49,10,1,1,4.7,6.9.1,0,0,52,5,524,1245.18,0
ele-custom-skin,1490242,94,116,7,1,1,5,6.5.7,0,0,32,20,2389,499.61,0
keon-toolset,1487796,0,0,5,1,1,4.6,6.9.1,0,0,20,8,1459,439.21,0
automatic-translator-addon-for-loco-translate,1476065,98,631,6,1,1,5,6.9.1,0,0,68,13,2593,2770.6,0
variation-swatches-for-woocommerce,1440887,74,59,9,1,1,4.5,6.9.1,0,1,55,25,4824,563.6,0
easy-theme-and-plugin-upgrades,1436270,94,117,14,3,0.333,4.4,5.7.14,0,0,14,10,824,52.37,0
schema,1414502,86,221,9,1,1,4,6.8.3,0,0,153,72,13656,3849.68,0
addquicktag,1384919,94,44,18,4,0.25,4,5.7.14,0,0,22,6,1727,135.26,0
smtp-mailer,1375224,90,65,10,1,1,6.9,6.9.1,0,0,8,2,1018,69.52,0
rss-importer,1343223,40,10,15,1,1,3,6.6.4,0,0,3,1,188,9.05,0
headers-security-advanced-hsts-wp,1303958,98,77,4,1,1,4.7,6.9.1,0.2,4,25,5,701,319.94,0
regenerate-thumbnails-advanced,1254757,64,59,10,1,1,4,6.9.1,0,0,65,36,6481,357.44,0
show-current-template,1246570,100,71,12,1,1,5.9,6.9.1,0,0,11,1,192,18.32,0
wordfence-login-security,1236838,80,25,6,1,1,4.7,6.7.4,1,0,124,86,9480,1426.27,0
elementor-beta,1225507,100,3,5,1,1,5.8,6.7.4,0,0,27,24,1425,49.26,0
heartbeat-control,1214693,84,68,11,2,0.5,3.6,6.3.7,0,0,415,78,16730,4083.69,0
cloudflare-flexible-ssl,1173199,96,51,11,1,1,3.2.0,6.9.1,0,0,4,2,170,9.42,0
https-redirection,1168325,84,71,11,1,1,6.5,6.9.1,0,0,35,24,2554,301.64,0
reveal-ids-for-wp-admin-25,1133843,100,61,17,1,1,3,6.9.99,0,0,33,3,272,244.67,0
widget-css-classes,1123509,98,74,13,1,1,3.3,6.7.4,0,0,21,6,1539,140.05,0
title-remover,1123122,78,68,11,4,0.25,2.5,5.7.14,0,1,2,1,85,5,0
genesis-enews-extended,1120923,94,28,13,1,1,4.9.6,6.8.3,0,0,49,4,506,166.77,0
ocean-product-sharing,1058782,0,0,9,1,1,5.6,6.8.3,0,0,26,6,755,73.78,0
colorlib-login-customizer,1052768,98,468,7,1,1,6,6.9.1,0,2,56,19,4410,1990.42,0
disable-emojis,1047080,100,107,10,1,1,4.8,6.8.3,0,0,4,1,69,20.42,0
exclude-pages,1037049,98,47,18,8,0.125,2.2.3,3.4.2,0,0,13,1,335,67.94,0
php-code-widget,994031,94,61,17,3,0.333,2.8,5.9.12,0,0,2,1,58,5.73,0
wp-add-custom-css,987836,96,90,11,1,1,4,6.8.3,0,0,30,3,394,981.93,0
disable-comments-rb,978823,74,23,8,1,1,3.1,6.9.1,1,0,18,4,516,510.95,0
widget-context,965913,90,96,16,1,1,3,6.6.4,0,0,26,16,2441,357.2,0
gravity-forms-zero-spam,949531,86,23,11,1,1,4.7,6.9.1,1,0,10,6,1928,117.71,0
blossomthemes-toolkit,943335,100,6,8,1,1,4.4.0,6.8.3,0,0,74,40,7866,3964.89,0
upload-max-file-size,932349,78,101,11,2,0.5,3,5.8.12,0,0,32,7,2038,2063.31,0
userway-accessibility-widget,914710,80,56,9,1,1,4.7,6.9.1,0,0,11,5,461,30.57,0
auto-image-attributes-from-filename-with-bulk-updater,905635,96,93,8,1,1,3.5.0,6.9.1,1,0,21,11,2464,233.43,0
disable-google-fonts,893426,88,42,12,7,0.143,3.5,5.1.21,0,1,2,1,391,15.4,0
column-shortcodes,893069,96,134,13,3,0.333,4.8,6.0.11,0,0,35,1,551,107.41,0
categories-images,889851,90,85,13,1,1,4,6.9.1,0,1,38,5,900,679.61,0
jwt-authentication-for-wp-rest-api,887771,88,53,10,1,1,4.2,6.9.1,0,1,184,131,6878,1415.49,0
portfolio-post-type,877972,94,14,14,5,0.2,3.8,5.5.17,0,0,18,12,1249,74.22,0
woocommerce-payfast-gateway,868968,60,7,7,1,1,6.7,6.9.1,0,0,21,6,2174,273.71,0
invisible-recaptcha,857526,86,133,9,5,0.2,4,5.4.18,0,0,58,53,15065,417.63,0
no-category-base-wpml,854356,92,33,14,1,1,5,6.8.3,0,0,3,2,126,8.59,0
cdn-enabler,848236,82,51,10,1,1,5.1,6.9.1,0,0,7,4,1193,51.41,0
crop-thumbnails,834433,92,67,13,1,1,5,6.8.3,0,1,17,11,1508,689.74,0
stripe,832393,88,116,11,1,1,5.9,6.8.3,0,1,1349,981,124717,8195.29,0
wp-sentry-integration,827317,98,16,9,1,1,4.4,6.8.3,0,0,348,333,28478,1857.87,0
skyboot-custom-icons-for-elementor,808759,100,19,5,1,1,5.9,6.8.3,1,0,119,22,16280,21391.18,0
wp-htaccess-editor,803899,100,102,14,1,1,4,6.9.1,0,0,21,3,1465,232.17,0
disable-xml-rpc-api,791031,82,42,5,1,1,5,6.9.1,0,0,117,67,6842,939.84,0
local-google-fonts,784269,92,83,3,1,1,4.6,6.8.3,0.5,1,10,6,783,45.64,0
loftloader,782670,90,33,10,1,1,6,6.9.1,0,0,59,15,1594,437.61,0
disable-json-api,752218,96,38,11,2,0.5,4.9,6.3.7,0,0,17,10,678,38.23,0
custom-typekit-fonts,743281,86,7,8,1,1,4.4,6.9.1,0,0,22,12,2152,86.69,0
customizer-search,742047,100,10,8,1,1,4.6,6.8.3,0,0,10,4,478,32.23,0
fakerpress,729953,98,205,11,1,1,5.5,6.8.3,0,0,788,650,143927,12714.25,0
clear-cache-for-widgets,727498,96,29,12,1,1,3.8,6.8.3,0,1,10,4,1011,50.89,0
custom-taxonomy-order-ne,716051,96,95,12,1,1,4.1,6.9.1,0,1,14,4,1279,80.9,0
hide-title,689687,74,87,13,6,0.167,3.2,5.2.23,0,0,2,1,123,9.06,0
say-what,687489,86,91,13,1,1,6.2,6.9.1,0,0,35,20,2168,1631.66,0
hide-page-and-post-title,674623,72,54,8,1,1,3.5,6.6.4,0,0,3,2,110,6.73,0
sierotki,630016,100,160,15,1,1,6,6.8.3,0,0,122,39,8161,519.96,0
wp-add-mime-types,626290,84,24,12,1,1,6.2,6.7.4,0,0,8,3,465,346.92,0
checkout-field-editor-and-manager-for-woocommerce,621831,98,161,6,1,1,4,6.9.1,0,0,89,17,3538,1769.62,0
ecommerce-companion,603018,100,1,3,1,1,6,6.9.1,0,0,583,250,32604,24382.44,0
disable-xml-rpc,599121,86,29,13,1,1,3.5,6.9.1,0,1,2,1,25,4.46,0
pwa,593532,86,27,7,1,1,6.6,6.8.3,0,0,129,56,5552,1899.31,0
html-editor-syntax-highlighter,589487,88,110,13,1,1,4,6.5.0,0,0,4,1,528,618.88,0
what-the-file,581599,98,882,13,1,1,3.1,6.9.1,0,0,7,3,394,21.24,0
woocommerce-mailchimp,575173,86,35,12,1,1,4.7.0,6.8.3,0,0,90,70,8947,983.82,0
duplicate-menu,568629,92,103,13,1,1,3.4.2,6.9.1,0,1,4,1,146,44.88,0
revision-control,557476,88,36,17,7,0.143,4,4.9.28,0,0,7,1,646,139.38,0
indexnow,551904,64,43,4,1,1,5.3,6.9.1,0,1,26,13,1415,2865.47,0
simple-css,551104,98,60,10,1,1,4,6.8.3,0,0,10,2,284,427.42,0
very-simple-event-list,546119,98,81,10,1,1,6,6.9.1,0.5,2,25,15,3603,271.95,0
wp-speed-of-light,542172,94,88,9,1,1,4.7,6.8.3,0,0,162,63,19105,5268.29,0
default-featured-image,538159,98,67,13,1,1,6.2,6.9.1,0,1,10,5,377,25.22,0
re-add-underline-justify,537503,94,26,9,1,1,4.7,6.9.1,0,0,5,2,145,14.67,0
woocommerce-auto-added-coupons,526950,100,69,11,1,1,5,6.9.1,0,2,90,18,5276,4555.35,0
media-sync,525131,94,82,7,1,1,5.3,6.9.1,1,0,8,2,1350,105.39,0
wpvulnerability,523402,100,20,3,1,1,4.7,6.9.1,0.5,1,53,17,15397,1472.38,0
login-as-user,512367,96,40,6,1,1,5.3,6.9.1,0,0,40,26,3115,294.98,0
bm-custom-login,511238,96,14,18,1,1,6.6,6.9.1,0,0,162,61,11744,1389.94,0
shortcode-in-menus,501014,94,81,12,1,1,3.6,6.9.1,0,0,10,5,514,27.78,0
display-php-version,499353,98,35,14,2,0.5,3,6.2.8,0,0,3,1,50,5.48,0
login-logo,495663,98,62,15,1,1,5.1.2,6.6.4,0,0,4,1,184,67.59,0
genesis-simple-share,482824,88,33,11,1,1,3.7,6.9.1,0,0,29,7,1655,268.45,0
analytify-analytics-dashboard-widget,476989,100,4,9,1,1,4,6.9.1,0,0,26,6,1392,194.8,0
remove-category-url,476269,84,58,11,1,1,3.1,6.9.1,0,0,70,44,10835,1035.13,0
wp-scss,476259,86,61,12,1,1,3.0.1,6.8.3,0,0,244,237,40379,1320.59,0
remove-powered-by-wp,476256,92,20,8,1,1,4.6,6.9.1,1,0,4,2,1086,57.48,0
desert-companion,475057,74,3,3,1,1,4.6,6.9.1,0,0,422,288,30907,9593.46,0
disable-emails,467103,100,20,12,1,1,5.5,6.9.1,1,0,23,13,992,50.09,0
remove-dashboard-access-for-non-admins,466620,92,78,14,1,1,3.1.0,6.7.4,0,0,13,8,872,39.57,0
lightweight-social-icons,464543,94,63,11,5,0.2,4.5,5.4.18,0,0,11,1,579,211.94,0
wcboost-variation-swatches,453720,96,5,4,1,1,4.5,6.9.1,0,0,24,13,3040,161.56,0
kt-tinymce-color-grid,442000,98,57,11,2,0.5,5.2,5.3.20,0,0,21,2,3114,288.04,0
elegro-payment,438969,100,12,7,6,0.167,4.6,4.9.28,0,0,10,1,205,1688.46,0
taxjar-simplified-taxes-for-woocommerce,424619,52,28,12,1,1,5.4,6.9.1,0,0,76,60,9932,1211.14,0
disable-xml-rpc-pingback,419575,78,14,11,1,1,4.8,6.8.3,0,0,3,1,56,21.68,0
unbounce,416619,64,11,10,1,1,4.1.5,6.7.4,0,0,33,24,3492,261.63,0
scheduled-post-trigger,385906,88,27,9,1,1,4.2,6.8.3,0,0,2,1,38,3.96,0
woo-store-vacation,380337,92,173,9,1,1,5.9,6.8.3,0.5,1,100,73,6529,403.34,0
loginradius-for-wordpress,367281,22,36,14,5,0.2,3.5,5.5.17,0,0,200,47,8784,1379.16,0
cf7-to-zapier,350130,100,50,8,1,1,4.7,6.9.1,0.25,3,13,9,1824,113.05,0
wp-call-button,341601,92,62,6,1,1,4.9,6.7.4,0,0,59,17,2174,1077.35,0
social-icons,338652,90,15,10,5,0.2,4.7,5.6.16,0,0,55,22,3712,1087.52,0
zoho-mail,334464,76,41,8,1,1,4.8,6.9.1,0,0,8,1,962,132.44,0
wc-smart-cod,328832,92,52,8,1,1,3.0.1,6.8.3,0,1,29,17,2753,253.28,0
debloat,326934,96,41,4,1,1,5,6.9.1,1,0,471,148,27265,3438.19,0
document-gallery,320062,96,112,13,1,1,6.1,6.9.1,0,2,118,36,6588,2121.92,0
wc-apg-nifcifnie-field,315552,96,23,9,1,1,5,6.9.1,0,1,41,21,3684,454.97,0
featured-video-plus,314895,96,80,13,8,0.125,3.7,4.7.31,0,1,48,12,3365,281.92,0
fonts,310094,88,98,13,1,1,4,6.8.3,0,0,6,1,421,112.77,0
acf-image-aspect-ratio-crop,307504,96,26,7,1,1,4.9,6.8.3,0,0,25,2,2166,741.81,0
really-simple-csv-importer,304152,98,107,12,8,0.125,3.6,4.3.34,1,0,30,6,1230,174.4,0
woo-custom-stock-status,291179,84,37,9,1,1,5.8,6.7.4,0,1,24,9,2098,1750.06,0
icon-block,288867,100,29,4,1,1,6.5,6.9.1,0,0,11,4,45,311.49,0
wp-help,286427,96,54,14,1,1,4.9,6.5.7,0,0,18,11,1078,63.12,0
mysterythemes-demo-importer,282133,40,4,5,1,1,5,6.8.3,0,0,23,14,4511,589.53,0
wp-super-cache-clear-cache-menu,279094,62,11,11,1,1,3.0.1,6.9.1,0,0,5,1,50,12.31,0
flying-scripts,271374,100,37,6,1,1,4.5,6.9.1,0,1,14,12,2347,80.21,0
wp-author-date-and-meta-remover,265283,64,26,11,5,0.2,3.0.1,5.6.16,0,0,3,1,30,7.81,0
funnelkit-stripe-woo-payment-gateway,263942,98,49,3,1,1,5.4,6.9.1,0.67,1,868,662,85372,7346.81,0
contact-form-7-add-confirm,256521,100,4,11,8,0.125,3.8,4.9.28,0,0,13,6,654,39.69,0
automatic-updater,255030,94,61,13,4,0.25,3.7,5.0.24,0,0,20,2,671,216.96,0
bogo,250430,90,46,16,1,1,6.7,6.9.1,0,0,41,30,4851,190.14,0
blogger-importer-extended,245688,94,129,11,1,1,5.8,6.9.1,0,0,15,6,1460,164.69,0
smart-image-resize,244495,92,82,7,1,1,4,6.9.1,0,0,355,318,34688,2327.64,0
wp-display-header,238719,90,27,14,2,0.5,3.2,6.4.7,0,0,11,4,873,44.78,0
options-for-twenty-twenty-one,238207,98,64,5,1,1,4.6,6.9.1,0,0,6,2,4340,282.16,0
meta-generator-and-version-info-remover,234196,100,28,12,1,1,3,6.8.3,0,0,7,1,655,69.62,0
woocommerce-extra-product-sorting-options,233705,92,31,11,1,1,5.6,6.9.1,0,0,9,2,818,95.18,0
athemes-blocks,232135,20,1,4,1,1,5.5,6.6.4,0,0,4117,126,29166,19191.28,0
database-for-wpforms,223822,100,130,6,1,1,4.8,6.9.1,1,0,9,6,925,41.09,0
wpzoom-forms,216716,100,2,2,1,1,6,6.9.1,1,0,152,24,5643,1562.98,0
taxonomy-images,216480,88,40,16,2,0.5,4.4,6.4.7,0,0,40,22,4228,208.42,0
wp-pagenavi-style,212708,96,16,14,8,0.125,3,3.9.40,0,0,110,5,422,309.16,0
wp-bottom-menu,212259,90,23,5,1,1,5,6.8.3,0,0,36,8,1705,2360.74,0
disable-blog,208926,94,14,11,1,1,5.9,6.9.1,1,0,23,14,3151,188.69,0
iyzico-woocommerce,202952,34,19,7,1,1,6.6.2,6.9.1,0,0,500,470,22923,1496,0
acf-rus-to-lat,191518,0,0,9,7,0.143,4,5.0.0,0,0,6,2,513,181.92,0
add-category-to-pages,187067,94,30,11,6,0.167,3.3,5.2.23,0,0,2,1,26,2.97,0
woo-instamojo,186384,62,13,10,1,1,4.6,6.5.7,0,0,14,10,659,280.91,0
layout-grid,184439,94,13,6,2,0.5,5.8,6.2.8,0,1,9,3,65,170.58,0
add-logo-to-admin,183725,92,12,17,8,0.125,3.5,4.3.34,0,0,9,1,224,99.28,0
plugin-load-filter,179818,96,52,10,1,1,6,6.9.1,0,1,9,2,2603,282.1,0
highlight-search-terms,177509,100,40,16,1,1,3.7,6.5.7,0,0,10,4,283,131.71,0
frontend-reset-password,166420,88,38,8,1,1,4.4,6.9.1,0.75,1,33,16,2990,1173.89,0
auto-post-scheduler,160385,94,36,11,1,1,3,6.3.7,0,0,7,2,897,88.96,0
sakura-rs-wp-ssl,159234,0,0,8,6,0.167,4.7.0,5.3.20,0,0,12,8,810,293.87,0
code-block-pro,156932,96,48,3,1,1,6,6.8.3,0.5,1,763,6,129,18895.95,0
sharedaddy,156477,80,1,15,13,0.077,3,3.1.4,0,0,58,5,1752,360.77,0
insights,150050,96,5,17,11,0.091,2.3,4.2.39,0,0,25,3,392,338.62,0
wc-ukr-shipping,146158,94,54,6,1,1,FALSE,6.9.1,0,0,313,269,16174,2336.53,0
woo-virtual-reviews,142555,92,55,7,1,1,5,6.9.1,0,0,60,9,2321,1760.84,0
post-types-unlimited,141934,100,9,6,1,1,5.7,6.8.3,0,0,12,7,2610,154.3,0
advanced-post-queries,139482,98,40,6,1,1,4.6,6.7.4,0.5,1,6,5,776,34.53,0
added-to-cart-popup-woocommerce,137689,88,70,9,1,1,4,6.9.1,0,0,44,20,2308,272.21,0
flexy-breadcrumb,137208,94,20,9,1,1,4.6,6.7.4,0,1,50,21,2015,2421.99,0
disable-cart-fragments,132678,98,16,6,1,1,4.6,6.8.3,0,1,5,3,202,47.73,0
wc-cancel-order,132083,98,23,11,1,1,6.7,6.8.3,0,0,37,17,1542,230.3,0
easy-notification-bar,131277,92,16,6,1,1,6.3,6.8.3,0,0,8,2,1133,79.04,0
wp-contact-form-7-spam-blocker,129871,82,12,5,1,1,5.2,6.8.3,0.33,2,22,14,892,72.61,0
pages-with-category-and-tag,127891,96,26,7,1,1,3,6.9.1,0,1,5,1,46,7.05,0
subtitles,125292,96,53,11,8,0.125,3.9,4.8.27,0,0,40,13,1353,100.76,0
product-visibility-by-user-role-for-woocommerce,124338,74,20,8,1,1,4.4,6.9.1,1,0,15,10,2020,146.59,0
t4b-news-ticker,123512,90,15,11,1,1,5.2,6.8.3,0,1,26,10,2088,270.14,0
bp-verified-member,122213,94,15,6,1,1,5.4,6.8.3,0,0,41,6,2421,621.59,0
bulk-media-register,122037,90,22,5,1,1,4.6,6.9.1,0,0,11,5,2617,191.87,0
coupon-generator-for-woocommerce,121764,90,35,10,1,1,4.0.0,6.7.4,0,0,17,7,641,596.5,0
fsm-custom-featured-image-caption,120870,92,22,8,1,1,FALSE,6.8.3,0,0,12,3,746,65.54,0
product-export-for-woocommerce,115892,94,23,4,1,1,5,6.9.1,0,0,23,16,2066,199.01,0
avatar-manager,114371,98,39,13,5,0.2,3.5,5.6.16,0,0,24,3,1303,132.32,0
read-meter,111434,90,19,6,1,1,4.2,6.8.3,0,0,29,9,1935,151.13,0
themeinwp-import-companion,107213,0,0,5,3,0.333,FALSE,6.1.9,0,0,4,2,216,14.83,0
revisionize,102974,92,24,9,4,0.25,4.6,5.2.23,0,0,5,3,982,79.49,0
coinbase-commerce,102127,62,16,7,1,1,3,6.5.7,0,0,32,10,1732,249.89,0
auto-tag,101799,82,20,16,13,0.077,3,3.4.2,0,0,13,5,564,44.61,0
lightbox-images-for-divi,100781,100,14,8,1,1,5,6.9.1,0,0,3,1,309,25.75,0
the-paste,99197,96,35,8,1,1,4.8,6.9.1,0,0,34,19,1561,289.11,0
max-upload-filesize,98135,100,4,6,6,0.167,5.0.4,5.3.20,0,0,3,2,79,4.25,0
woo-satispay,98068,86,7,8,1,1,5,6.9.1,0,1,16,9,980,45.21,0
custom-payment-gateways-woocommerce,95667,78,19,9,1,1,4.4,6.9.1,0,1,23,17,2791,144.55,0
evermore,95643,100,5,20,1,1,3,6.9.1,0,0,2,1,260,17.61,0
facebook-like-thumbnail,95531,84,5,15,6,0.167,3.1,5.2.23,0,0,5,3,225,16.31,0
smart-archive-page-remove,94949,98,59,11,1,1,4,6.3.7,0,0,32,18,1946,85.61,0
elemailer-lite,93480,90,28,5,1,1,5.8,6.7.4,0,0,342,162,13850,2631.78,0
pay-via-barion-for-woocommerce,92151,92,18,9,1,1,4,6.8.3,0,0,106,64,4143,898.71,0
toolbar-publish-button,91465,96,46,12,4,0.25,5,5.8.12,0,0,13,2,464,48.65,0
add-on-contact-form-7-mailpoet,90564,78,16,8,1,1,5.3,6.5.7,0,0,23,14,1367,396.98,0
table-of-contents-block,90480,86,7,5,1,1,5.6,6.6.4,0,0,65,11,1235,9149.5,0
wp-visitors-widget,85629,80,12,7,2,0.5,4,6.2.8,0,0,26,6,1261,959.46,0
mime-types-plus,85349,76,10,10,1,1,4.7,6.9.1,0,0,6,5,918,34.16,0
wp-remove-category-base,81924,100,10,11,8,0.125,3.5,4.2.39,0,0,3,1,104,37.57,0
gravity-forms-css-ready-selector,81561,94,10,14,8,0.125,3,3.5.2,0,0,6,2,282,50.76,0
responsive-video-embeds,80323,78,21,13,8,0.125,3,3.7.41,0,0,5,1,100,100.63,0
allow-multiple-accounts,79762,100,22,16,8,0.125,3.6,4.2.39,0,0,9,4,1880,104.52,0
redirect-404-error-page-to-homepage,77367,40,1,9,4,0.25,3,5.7.14,0,0,3,2,24,2.31,0
pinterest-master,77279,74,18,12,4,0.25,3.5,5.7.14,0,0,25,14,875,461.41,0
excerpt-editor,76969,80,1,18,16,0.062,2.6,2.9.2,0,0,12,2,794,125.14,0
page-optimize,74581,60,5,6,1,1,5.3,6.9.1,0,0,25,13,3053,139.86,0
jquery-categories-list,73880,96,16,15,1,1,6.1,7,1,0,65,7,831,1737.93,0
wp-minify-fix,73680,80,40,11,8,0.125,2.8,4.3.34,0,0,68,49,11677,543.72,0
collabpress,73449,72,9,16,12,0.083,3.5,3.5.2,0,0,115,47,7526,1071.03,0
cdek-delivery-calculator,73138,60,2,7,7,0.143,4.6,4.9.28,0,0,8,4,557,39.57,0
disable-author-archives,72085,88,7,7,1,1,2.9,6.9.1,0,0,3,2,42,3.45,0
wp-global-site-tag,71736,100,3,8,1,1,3.0.1,6.8.3,0,0,30,21,1317,146.79,0
wp-keep-me-logged-in,71199,0,0,15,3,0.333,2.5,6.1.9,0,0,2,1,18,1.83,0
create-and-assign-categories-for-pages,70901,94,10,8,2,0.5,5.3,6.4.7,0,0,2,1,30,3.48,0
per-page-sidebars,67706,84,10,15,7,0.143,3.1,4.9.28,0,0,12,1,193,1100.34,0
code-block-for-elementor,65290,100,8,5,2,0.5,5,6.3.7,0,0,16,3,611,556.35,0
easygravatars,64579,100,1,18,16,0.062,2.0.4,3.0.5,0,0,3,1,223,13.58,0
yith-proteo-toolkit,64146,100,1,5,1,1,5.3,6.6.4,0,0,73,43,13714,1267.16,0
page-tagger,64130,100,1,16,8,0.125,2.8.4,3.4.2,0,0,6,2,242,53.94,0
wp-carousel,64092,0,0,16,14,0.071,3,3.3.2,0,0,251,51,8405,4042.5,0
manage-xml-rpc,64018,60,4,9,1,1,4,6.7.4,0,0,2,1,354,14.44,0
wp-upload-size,62325,90,8,7,1,1,5.9,6.6.4,0,0,2,1,47,4.06,0
change-quantity-on-checkout-for-woocommerce,61753,100,52,9,1,1,1.4,6.9.1,0,0,18,7,955,3644.85,0
remove-widget-titles,61612,100,27,14,8,0.125,2.6.0,4.8.27,0,0,2,1,32,4.3,0
custom-category-templates,61285,86,6,14,10,0.1,3.4.0,4.4.34,0,0,2,1,147,7.05,0
wp-http-compression,60973,46,8,16,13,0.077,3.4.1,2.9.2,0,0,4,1,27,64.1,0
ios-images-fixer,58978,92,30,11,1,1,4.0.0,6.5.7,0,0,6,3,503,51.55,0
hotline-phone-ring,58303,100,3,7,4,0.25,FALSE,5.2.23,0,0,14,4,464,69.7,0
block-for-woo-product-table,58078,66,4,5,1,1,6.1.0,6.7.4,0,0,81,5,628,4714.72,0
bbpress-integration,57779,0,0,19,16,0.062,2.7,2.8,0,0,3,1,402,35.13,0
woocommerce-filter-orders-by-product,57769,94,15,10,1,1,3.0.1,6.8.3,0,0,8,6,292,14.83,0
flexslider-hg,57354,76,12,13,4,0.25,FALSE,5.7.14,0,0,13,2,584,68.41,0
showid-for-postpagecategorytagcomment,56843,100,6,16,2,0.5,3.9,6.3.7,0,0,3,1,82,10.86,0
great-real-estate,56020,100,1,17,10,0.1,4,4.3.34,0,0,180,75,6690,1197.15,0
bambora-online-checkout,55304,100,1,9,1,1,6.6,6.9.1,0,0,41,24,4253,345.21,0
wp-responsive-table,54213,96,13,7,5,0.2,4,5.6.16,0,0,39,18,1367,215.78,0
art-woocommerce-order-one-click,53483,100,36,7,1,1,5.5,6.8.3,0,1,66,49,5708,390.09,0
advanced-export-for-wp-wpmu,52811,74,3,16,10,0.1,2.7,4.8.27,0,0,2,1,430,20.84,0
all-in-one-contact-buttons-wpshare247,51874,100,1,4,1,1,4.9,6.6.4,0,0,2260,12,1957,28796.53,0
social-linkz,51532,70,2,14,1,1,5.0.0,6.8.3,0,0,365,287,60327,4109.71,0
advanced-spoiler,51217,100,1,16,8,0.125,2.7,2.8.6,0,0,51,2,430,222.62,0
display-tweets-php,51126,100,14,12,8,0.125,3.5,3.6.1,0,0,19,10,1946,89.79,0
http-authentication,50608,100,1,21,1,1,3.1,6.5.7,0,0,8,2,411,308.48,0
lj-xp,50187,46,6,16,11,0.091,2.8,4.1.42,0,0,12,3,1575,531.16,0
jquery-slider,48995,100,3,14,13,0.077,2.8,3.4.2,0,0,80,3,1366,2245.02,0
wc-custom-thank-you,48444,100,7,10,1,1,6.5,6.9.1,0,0,130,30,1617,521.12,0
really-simple-click-to-call,47559,90,11,9,6,0.167,4.0.0,5.2.23,0,0,8,1,131,16.18,0
audio-player-widget,47301,60,2,15,15,0.067,2.8,3.1.4,0,0,4,1,103,15.1,0
woo-to-facebook-shop,46919,64,9,8,5,0.2,3.3.1,5.4.18,0,0,15,4,1413,402.27,0
simple-sticky-note,45188,100,1,6,1,1,5,6.7.4,0,0,13,4,443,171.33,0
youtube-with-fancy-zoom,45126,0,0,16,3,0.333,3.4,6.1.9,0,0,17,5,815,186.56,0
sidebar-photoblog,44995,80,1,16,15,0.067,2.7,2.9.2,0,0,20,1,446,55.32,0
basic-seo-pack,44894,100,3,13,8,0.125,2.5,3.5.2,0,0,13,1,463,197.78,0
object-sync-for-salesforce,44688,100,13,8,1,1,6.5,6.9.1,0,0,1284,191,37733,72048.86,0
superb-slideshow,44604,0,0,16,2,0.5,3.4,6.4.7,0,0,19,2,368,457.11,0
wp-hide-show-featured-image,44329,94,3,5,1,1,4.5,6.8.3,0,0,5,2,271,242.41,0
master-post-advert,42665,0,0,16,8,0.125,3.2,4.2.39,0,0,7,2,234,107.75,0
wp-cleanumlauts2,42628,0,0,16,8,0.125,2.7,3.7.41,0,0,8,3,242,296.46,0
mobile-detector,42196,100,4,14,13,0.077,3,3.5.2,0,0,4,2,305,152.64,0
wc-multiple-email-recipients,42181,100,10,9,1,1,4,6.5.7,0,0,6,3,342,41.6,0
easy-share-solution,39197,100,1,10,1,1,6,6.9.1,0,0,68,19,8531,2846.8,0
luckywp-cookie-notice-gdpr,39041,100,57,7,1,1,4.7,6.7.4,0,0,48,39,2984,138.23,0
simple-css-for-widgets,38991,100,1,13,8,0.125,3.0.1,3.5.2,0,0,4,1,110,21.66,0
ui-for-wp-simple-paypal-shopping-cart,38988,100,4,14,11,0.091,2.6,4.0.38,0,0,30,6,1948,242.65,0
most-popular-tags,37986,100,2,16,10,0.1,2.9,4.2.39,0,0,4,2,310,70.76,0
jps-get-rss-feed,37972,94,13,16,11,0.091,3.5,3.9.40,0,0,12,3,809,94.31,0
cleverpush,37548,0,0,9,1,1,2.7,6.7.4,0,0,22,8,2073,161.33,0
sliding-panel,36822,90,4,16,12,0.083,3.6,3.7.41,0,0,10,3,460,63.06,0
eleganto-advanced-sections,36115,0,0,9,9,0.111,4.4,4.7.31,0,0,4,2,627,28.91,0
vr-visitas,35453,20,2,17,11,0.091,3.1.0,3.9.40,0,0,2,1,28,1.88,0
bbpress-enable-tinymce-visual-tab,35195,94,14,12,12,0.083,3.5.0,3.5.2,0,0,4,1,116,48.26,0
android-50-lollipop-status-bar-customiser,34308,100,4,11,1,1,5,6.9.1,0,0,3,1,262,12.22,0
floating-click-to-contact-buttons,34092,86,4,6,6,0.167,3.5,5.3.20,0,0,13,1,280,131.02,0
product-options-for-woocommerce,34011,94,35,7,1,1,4.7,6.9.1,0,0,19,13,907,60.58,0
add-lightbox-title,33824,0,0,16,15,0.067,2.7.0,3.1.4,0,0,4,1,37,14.39,0
spam-captcha,33643,60,2,14,1,1,3,6.8.3,0,0,333,132,12816,2896.17,0
health-endpoint,33504,100,2,5,1,1,3.5,6.7.4,0,0,4,2,83,39.26,0
tilt-social-share-widget,33225,0,0,14,13,0.077,3.3,3.3.2,0,0,6,1,357,145.05,0
blogroll-links,33114,0,0,17,1,1,5,6.7.4,0,0,4,1,438,87.3,0
twitter-friendly-links,32941,0,0,16,15,0.067,2.8,3.0.5,0,0,5,1,466,561.65,0
typepad-emoji-for-tinymce,32851,90,2,14,8,0.125,3.9,3.9.40,0,0,262,2,471,168.24,0
rss-image-widget,32785,60,2,18,1,1,6,6.9.1,0,0,6,1,181,17.11,0
private-buddypress,31452,100,2,15,15,0.067,FALSE,FALSE,0,0,8,1,168,39.05,0
image-uploader-for-welcart,31227,100,2,11,6,0.167,4,5.3.20,0,0,3,1,355,192.11,0
ncode-image-resizer,31145,0,0,16,15,0.067,2.6,2.9.2,0,0,17,1,120,231.08,0
gravatar-enhanced,31048,100,3,15,1,1,6.6,6.8.3,0,0,104,57,3460,342.37,0
category-images,30947,90,2,21,13,0.077,2.2,3.4.2,0,0,2,1,205,22.27,0
lowermedia-sticky-js-menus,30729,98,12,12,11,0.091,3.0.1,4.1.42,0,0,3,1,249,21.04,0
wp-image-protect,30405,68,18,13,11,0.091,3.4,4.0.38,0,0,21,6,2308,313.96,0
content-scheduler,30297,48,8,15,11,0.091,2.9,4.1.0,0,0,40,14,2421,475.15,0
categories-in-hierarchical-order,30289,100,14,11,5,0.2,3,5.6.16,0,0,5,1,28,17.83,0
jetpack-post-views,30259,100,9,13,11,0.091,3.5,3.7.41,0,0,3,2,930,56.08,0
media-categories-2,30021,68,7,14,13,0.077,3.3,3.5.2,0,0,10,2,381,205.13,0
map-me,29913,90,11,10,2,0.5,4.0.0,6.4.7,0,0,264,8,1127,411.79,0
advanced-image-hover-effect-for-elementor,29859,100,3,5,1,1,5.7.0,6.9.1,0,0,17,10,1954,178.21,0
rewrite-testing,29342,100,2,11,11,0.091,3.9,3.9.40,0,0,3,1,426,41.7,0
lastfm-for-wordpress,29128,0,0,18,17,0.059,2.1,2.7,0,0,2,1,187,10.12,0
force-gzip,29070,80,1,15,15,0.067,2,3.0.5,0,0,5,1,222,25.54,0
preserve-editor-scroll-position,29009,92,9,14,8,0.125,3.2,3.9.40,0,0,2,1,126,5.72,0
wp-private,28754,100,3,16,4,0.25,5.4,5.4.18,0,0,8,4,308,77.8,0
comfortable-reading,28661,72,11,10,8,0.125,3,4.9.28,0,0,9,1,131,40.32,0
kaskus-emoticons,27755,80,3,16,13,0.077,2.7.1,3.5.2,0,0,187,3,465,1483.7,0
scroll-to-top-button,27722,100,8,12,5,0.2,3.5,5.6.16,0,0,7,1,141,85.82,0
avantex-companion,27571,0,0,2,1,1,FALSE,6.8.3,0,0,173,14,1139,12862.96,0
google-website-optimizer-for-wordpress,27095,0,0,17,14,0.071,3.0.0,3.3.2,0,0,6,1,180,22.46,0
change-username,26964,88,5,9,1,1,4.1,6.6.4,0,0,10,2,158,49.68,0
delicious-for-wordpress,26923,0,0,18,17,0.059,2.1,2.7,0,0,2,1,206,11.88,0
simple-analytics,26162,88,7,12,7,0.143,FALSE,4.9.28,0,0,2,1,283,10.42,0
bulk-comments-management,25873,94,13,12,8,0.125,3.3,3.5.2,0,0,2,1,122,7.55,0
rss-scroller,25847,80,2,16,3,0.333,3.4,6.1.9,0,0,8,2,369,31.99,0
shortcode-ui-richtext,25518,0,0,9,7,0.143,4.5,4.9.28,0,0,15,9,420,23.67,0
delete-multiple-themes,25310,100,10,12,10,0.1,3.0.1,4.1.42,0,0,4,2,182,24.57,0
atlas-search,25235,76,4,3,1,1,5.7,6.9.1,0,0,763,340,18984,10296.93,0
horizontal-motion-gallery,24885,20,2,16,3,0.333,3.4,6.1.9,0,0,22,2,230,528.82,0
syntax-highlighter-mt,24526,0,0,16,10,0.1,2.7.1,4.3.0,0,0,80,1,101,352.18,0
ere-colors,24292,0,0,8,1,1,4.5,6.5.7,0,0,5,2,148,8.25,0
bp-poke,23423,80,4,12,6,0.167,4.5,5.3.20,0,0,8,5,539,20.21,0
blueimp-lightbox,23175,88,16,12,11,0.091,3.6.1,4.0.0,0,0,30,2,237,399.44,0
simple-automatic-updates,22816,100,1,9,6,0.167,4,5.2.23,0,0,7,3,599,26.87,0
simple-footnotes,22483,94,15,15,11,0.091,2.5,4.1.42,0,0,2,1,91,6.05,0
rest-api-helper,22460,100,1,9,4,0.25,4,5.3.20,0,0,7,1,1512,70.6,0
eu-cookie-law-consent,22460,90,4,13,10,0.1,2.7.0,4.4.34,0,0,2,1,347,22.53,0
feed-template-customize,22304,100,2,14,12,0.083,2.5,3.5.2,0,0,5,1,75,7.46,0
full-background,21956,74,3,10,7,0.143,4.3.1,4.9.28,0,0,6,4,154,20.23,0
remove-orphan-shortcodes,21928,78,14,12,1,1,3,6.6.4,0,0,2,1,40,2.97,0
menus,21780,100,6,15,9,0.111,3.7.1,4.6.30,0,0,5,1,515,169.77,0
category-post-widget,21679,60,2,13,12,0.083,2.0.2,3.7.41,0,0,2,1,72,4.12,0
wpqiniu,21663,100,2,6,1,1,5.3,6.9.1,0,0,125,85,5642,1851.48,0
disable-rss,20556,0,0,17,17,0.059,2.5.1,2.7,0,0,2,1,18,1.61,0
jarvis,20539,98,13,12,2,0.5,4.8,6.3.7,0,0,157,37,2782,1074.87,0
maven-member,20469,54,10,14,13,0.077,3,3.4.2,0,0,143,59,6030,824.76,0
super-post-cleaner,20457,100,4,14,8,0.125,4.8.1,FALSE,0,0,2,1,34,3.39,0
heiv-gallery-3,20367,56,4,15,11,0.091,2.9.2,3.9.40,0,0,173,96,52826,2766,0
multi-image-metabox,20137,98,11,13,8,0.125,3,3.5.2,0,0,4,1,286,207.95,0
allow-swf-upload,19907,84,5,12,12,0.083,2.0.2,3.7.41,0,0,2,1,89,4.04,0
external-events-calendar,19690,0,0,15,15,0.067,2.9.1,FALSE,0,0,6,3,847,76.04,0
nofollow-link,19450,100,1,15,7,0.143,2,4.9.28,0,0,5,1,30,11.14,0
top-authors,19241,94,6,15,10,0.1,3.5.0,4.2.39,0,0,15,2,653,85.17,0
mapquest-map-builder,19083,20,2,15,14,0.071,2.8,3.3.2,0,0,32,2,380,269.98,0
ucalc,19024,66,9,8,2,0.5,4,6.3.7,0,0,32,7,587,1178.16,0
custom-field-widget,19013,100,4,17,13,0.077,2.5,2.6.1,0,0,5,1,223,70.12,0
buddypress-captcha,18942,82,12,11,10,0.1,3.2,4.1.42,0,0,17,13,1069,86.37,0
reverse-order-comments,18845,100,1,18,13,0.077,1.5,3.4.2,0,0,6,5,185,13.4,0
posts-in-category-widget,18471,100,4,14,10,0.1,3.4,4.4.34,0,0,7,1,278,15.11,0
bestfreebie-elementor-icons,18322,100,3,6,5,0.2,4.9.10,5.6.16,0,0,32,3,5337,8481.21,0
nodeinfo,18127,80,1,7,1,1,6.6,6.9.1,0,0,15,13,2255,74.41,0
lock-pages,17832,80,2,16,7,0.143,3,4.9.28,0,0,11,1,701,99.95,0
archive-posts-sort-customize,17828,98,14,12,10,0.1,4.3,4.3.34,0,0,45,32,2787,262.27,0
simple-customizer,17578,90,4,12,5,0.2,3.4,5.6.16,0,0,22,12,2144,147.44,0
add-external-media,17544,94,3,10,6,0.167,4,5.3.20,0,0,9,1,237,39.7,0
bootstrap-one-page-woocommerce-checkout,17467,100,6,10,10,0.1,1.0.1,4.2.39,0,0,9,6,173,9.95,0
naver-webmaster-tool-syndication-v2,17431,100,2,11,8,0.125,3.7.1,4.0.0,0,0,18,14,749,35.75,0
dx-login-register,17262,74,3,12,12,0.083,3.1,3.8.41,0,0,12,6,801,97.55,0
ammu-demo-import,17261,0,0,3,1,1,4.7,6.8.3,0,0,48,7,650,44977.83,0
buddypress-foaf,17239,94,9,12,9,0.111,3,4.7.31,0,0,6,1,317,28.44,0
wpc-coupon-listing,17239,94,3,3,1,1,4,6.9.1,0,0,34,8,1442,601.84,0
advanced-blogroll,17061,0,0,17,16,0.062,2.3,2.8.4,0,0,17,1,298,55.3,0
autocomplete-wc-order-status,16957,100,3,3,1,1,5,6.9.1,0,0,48,30,3790,269.69,0
ultimate-popup-free,16824,92,8,10,10,0.1,3.0.1,4.3.34,0,0,310,25,5897,2852.63,0
comment-timeout,16715,80,1,19,12,0.083,2.8,3.2.1,0,0,10,7,1040,40.58,0
wppao-sitemap,16553,100,1,5,5,0.2,4,5.4.18,0,0,24,12,830,159.47,0
enhanced-categories,16526,0,0,18,17,0.059,2.5,2.6,0,0,10,3,505,30.94,0
json-feed,16473,0,0,16,16,0.062,2.7.1,2.9.2,0,0,2,1,118,4.28,0
kn-social-slide,16454,100,1,14,14,0.071,3.0.1,3.3.2,0,0,42,10,725,596.1,0
pco-image-widget-field,16446,100,3,12,8,0.125,3.5,4.9.28,0,0,10,1,92,20.19,0
tax-exemption-woo,16405,90,4,2,1,1,4.7,6.9.1,1,0,230,165,58648,4053.21,0
phpinfo,16294,70,2,18,18,0.056,1.5,2.2.2,0,0,7,1,157,27.77,0
wpcos,16288,74,6,6,1,1,6.0.1,6.9.1,0,0,248,180,30780,3058.63,0
admin-locale,16074,100,3,15,13,0.077,2.9,3.4.2,0,0,4,1,156,66.97,0
get-page-ids,16020,100,7,13,8,0.125,3,4.9.28,0,0,3,1,86,44.11,0
advanced-category-column,15860,100,1,15,10,0.1,2.9,4.5.33,0,0,23,10,2225,218.47,0
hybrid-hook,15511,0,0,16,14,0.071,3.1,3.2.1,0,0,11,4,440,52.47,0
header-footer-custom-html,15478,60,2,4,1,1,4.8,6.8.3,0,0,241,165,55204,3914.24,0
infolinks,15358,80,1,16,13,0.077,2.8,2.8.4,0,0,10,2,90,93.9,0
wp-custom-cssjs,15283,100,1,10,1,1,4.5,6.7.4,0,0,3,2,238,12.25,0
bbpress-recaptcha,15248,100,5,14,11,0.091,3,4.1.42,0,0,3,2,373,18.06,0
xg-accordion,15232,0,0,7,7,0.143,3.3,4.9.28,0,0,49,13,1997,2730.74,0
easy-content-slider,15138,82,7,11,7,0.143,3.5,4.9.28,0,0,20,3,307,808.31,0
sf-adminbar-tools,15110,96,8,13,5,0.2,4.7,5.6.0,0,0,574,466,26666,1005.3,0
delink-comment-author,14756,0,0,18,3,0.333,5.7.2,6.0.11,0,0,2,1,82,3.79,0
karma-by-kadar,14703,94,40,8,7,0.143,3,5.0.24,0,0,32,12,923,255.46,0
simple-notices,14662,70,4,14,10,0.1,3,4.4.34,0,0,16,6,207,853.21,0
address-geocoder,14580,100,7,13,7,0.143,4.8,5.1.21,0,0,6,1,218,159.26,0
get-post,14560,0,0,17,14,0.071,3,3.1.4,0,0,7,4,541,124.66,0
widget-pagination,14549,0,0,14,8,0.125,3.4,4.9.28,0,0,28,16,2049,182.45,0
wp-smugmug,14464,0,0,17,14,0.071,3.1,3.1.4,0,0,4,1,846,93.53,0
wp-quiz-importer,14403,20,2,8,8,0.125,4,4.8.27,0,0,43,34,2259,168.4,0
wp-login-timeout-settings,14401,70,8,11,8,0.125,3,4.9.28,0,0,8,3,276,30.75,0
mixpanel-integration,14314,52,5,11,10,0.1,3.3,4.1.42,0,0,6,4,210,10.47,0
wp-multilingual-sitemap,14302,80,3,15,15,0.067,2.8,3.0.5,0,0,14,2,373,334.69,0
wp-twitterbadge,14239,0,0,16,9,0.111,2,4.8.27,0,0,12,3,459,49.01,0
widget-box-lite,14177,0,0,7,2,0.5,4.7,6.3.7,0,0,24,14,2387,165.37,0
phpsword-google-analytics,14141,100,3,11,3,0.333,5.6,6.0.11,0,0,5,3,120,30.53,0
simple-seo-pack,14139,0,0,14,8,0.125,2.5,4.5.33,0,0,18,2,394,139.38,0
wp-featured-soliloquy-sliders,14093,100,1,11,10,0.1,3,4.3.34,0,0,2,1,164,6.62,0
post-to-sidebar,13994,100,1,14,14,0.071,3,3.2.1,0,0,5,2,347,40.96,0
expire-sticky-posts,13979,100,2,11,11,0.091,3.6,4.0.38,0,0,11,3,179,47.58,0
help-dialog,13978,100,6,3,1,1,5.4,6.9.1,0,0,172,68,26597,6753.83,0
personal-contact-info-widget,13843,76,6,11,8,0.125,3.5,4.8.27,0,0,5,1,490,35.27,0
advanced-custom-fields-taxonomy-field-add-on,13726,100,2,14,13,0.077,3.2,3.4.2,0,0,8,1,580,346.02,0
video-codes,13660,100,2,14,12,0.083,3,3.5.2,0,0,2,1,106,8.08,0
bwp-polldaddy,13581,60,2,14,11,0.091,3,3.9.40,0,0,21,9,2014,202.41,0
image-feed-widget,13563,100,1,16,14,0.071,2.8.4,3.2.1,0,0,2,1,157,13.08,0
webshipper-automated-shipping,13524,100,1,6,1,1,3.7,6.8.3,0,0,132,97,14270,758.82,0
ajax-product-search-for-woocommerce,13497,46,3,10,6,0.167,4,5.3.20,0,0,34,7,4188,758.17,0
markdown-for-wordpress-and-bbpress,13455,100,1,17,17,0.059,1.2,2.5.1,0,0,5,1,2432,90.41,0
upload-widget,13438,0,0,15,15,0.067,2.8,2.9.2,0,0,9,1,294,39.69,0
advanced-custom-fields-widget-area-field,13255,96,5,12,11,0.091,3.4,4.0.38,0,0,4,3,366,14.9,0
feedoptimise,13171,0,0,10,1,1,3.1,6.8.3,0,0,5,3,1129,68.27,0
canvas-image-resize,13104,92,10,10,1,1,3.3.2,6.9.1,0,0,6,1,297,110.49,0
contact-info,13097,0,0,14,3,0.333,2.0.2,5.9.12,0,0,19,11,370,21.94,0
logo-slideshow,13063,100,1,16,16,0.062,2.6,2.8,0,0,12,3,84,95.46,0
online-contact-widget,13008,0,0,4,1,1,6,6.8.3,0,0,104,33,5734,2117.12,0
mindcat,12992,86,4,12,1,1,5.9,6.9.1,0,0,61,9,895,2715.32,0
easythumbnail-sizes,12928,100,1,11,9,0.111,3.8,4.7.31,0,0,8,3,215,17.9,0
master-qr-generator,12825,60,3,5,1,1,4.6.0,6.8.3,0,0,54,27,2360,597.67,0
hh-sortable,12817,100,4,12,4,0.25,5.7,5.9.12,0,0,3,2,88,5.91,0
saskaita123-lt,12763,0,0,3,1,1,5.5,6.9.1,0,0,46,32,2914,210.35,0
markdown-on-save,12712,100,2,15,1,1,6,6.5.7,0,0,155,22,5087,348.32,0
woocommerce-khipu,12690,46,3,12,1,1,6,6.8.3,0,0,10,6,732,39.06,0
xorbin-analog-flash-clock,12672,20,1,13,11,0.091,2.8,3.9.40,0,0,25,1,168,410.65,0
no-title-tooltips,12646,86,15,13,10,0.1,2.8,4.3.34,0,0,4,2,36,3,0
ams-google-webmaster-tools,12583,0,0,9,4,0.25,3.1,5.9.12,0,0,3,2,85,4.66,0
recently-updated-pages,12555,94,3,16,1,1,2.8,6.6.4,0,0,2,1,207,15.42,0
dashboard-widgets-learndash,12548,100,1,7,4,0.25,4.6,5.9.12,0,0,10,6,753,85.68,0
paydunya-woocommerce-payment-gateway,12488,0,0,10,5,0.2,5.0.8,5.5.17,0,0,6,1,422,607.75,0
netgo-expandablecollapsible-menu,12405,76,9,10,9,0.111,3.5.0,4.6.30,0,0,8,1,132,37.35,0
remove-built-by-storefront,12300,0,0,5,5,0.2,4.7,5.4.18,0,0,2,1,23,1.34,0
alt-text-tools,12286,100,10,5,1,1,FALSE,6.8.3,0,0,8,1,199,364.69,0
bp-activity-comment-notifier,12203,80,3,10,8,0.125,FALSE,FALSE,0,0,6,3,340,17.65,0
go-newrelic,12160,100,4,12,11,0.091,3.5.1,4.0.38,0,0,7,4,314,199.65,0
simple-seo-improvements,12128,100,3,4,1,1,6,6.8.3,0,0,126,44,11927,657.98,0
galleria-galleria,12094,0,0,14,14,0.071,3,3.1.4,0,0,50,1,456,684.24,0
appeto-woocommerce,12070,0,0,9,4,0.25,3.0.1,5.8.12,0,0,136,64,9997,5181.31,0
info,11959,100,1,14,5,0.2,3,5.5.17,0,0,4,1,49,28.71,0
random-post-shortcode,11889,60,5,13,4,0.25,4,5.9.12,0,0,3,2,128,6.34,0
misiek-page-category,11845,0,0,16,15,0.067,2.7.1,3.0.5,0,0,10,3,442,106.23,0
toms-image-slider,11841,70,2,4,2,0.5,5.8,6.1.9,0,0,20,3,83,212.42,0
fg-fix-serialized-strings,11795,74,3,12,1,1,3,6.8.3,0,0,5,2,165,12.05,0
happyfox-chat,11727,64,5,10,5,0.2,3.5,5.4.18,0,0,6,3,148,28.99,0
wzbaibaoxiang,11705,0,0,5,1,1,4.8,6.9.1,0,0,133,10,3147,19395.35,0
simple-expires,11694,100,2,15,14,0.071,3.0.3,FALSE,0,0,7,1,254,73.26,0
view-user-metadata,11637,100,1,2,1,1,4.6,6.9.1,0,0,4,1,200,22.02,0
benchmark,11610,76,9,13,13,0.077,3.4.2,3.4.2,0,0,8,4,314,21.06,0
scategory-permalink,11567,0,0,18,16,0.062,2.7.0,2.8.2,0,0,4,1,112,24.09,0
popslide,11564,100,18,11,9,0.111,3.6,4.7.31,0,0,35,3,699,550.86,0
contact-form-7-map-field,11559,60,2,13,13,0.077,3.0.1,3.4.2,0,0,5,1,137,258.77,0
optimize-scripts-styles,11511,100,2,7,1,1,4,6.8.3,0,0,30,15,3711,189.06,0
seo-editor,11448,100,3,10,5,0.2,4,5.4.18,0,0,18,13,2802,125.32,0
simple-light-box,11445,0,0,13,13,0.077,3,FALSE,0,0,2,1,46,2.59,0
sign-me-up,11415,90,6,11,10,0.1,4.0.1,4.4.34,0,0,10,3,198,68.29,0
contact-us-page,11322,80,1,10,10,0.1,3.5,4.4.34,0,0,13,4,211,15.23,0
ultra-hide-comments-box,11306,60,2,14,14,0.071,3,3.2.1,0,0,4,2,181,9.9,0
otys-jobs-apply,11266,100,1,3,1,1,6,6.9.1,0,0,532,157,19993,7120.81,0
ark-hidecommentlinks,11235,100,7,11,1,1,4.6,6.9.1,0,0,6,1,72,18.29,0
greenpay-payment-gateway,11163,100,1,6,1,1,5.3,6.6.4,0,0,50,11,4158,1854.74,0
responsive-testimonials,11147,100,4,10,1,1,3.6,6.9.1,0,0,137,62,13260,1054.95,0
wp-web-fonts,11075,0,0,14,14,0.071,3,3.3.2,0,0,5,2,96,147.38,0
download-pdf-after-submit-form,11067,56,5,3,1,1,5.8,6.9.1,0,0,14,3,488,522.08,0
easy-post-view-counter,10980,80,3,12,10,0.1,2.7,4.1.42,0,0,2,1,65,3.93,0
wptextresizecontrols,10977,80,1,13,13,0.077,3.2,3.3.2,0,0,3,1,74,6.27,0
bbpress-no-captcha-recaptcha,10964,100,1,11,5,0.2,3,5.4.18,0,0,3,2,229,11.25,0
wp-category-manager,10943,0,0,15,15,0.067,2.8.1,3.0.5,0,0,11,6,516,59.32,0
posts-slideshow-widget,10887,84,5,12,12,0.083,3,3.5.2,0,0,22,8,1292,285.25,0
clean-seo-slugs,10869,0,0,15,15,0.067,2.5,2.9.2,0,0,2,1,43,7.08,0
wp-unitpngfix,10794,0,0,17,6,0.167,2,2.6,0,0,5,1,19,6.08,0
constant-contact-form,10789,0,0,14,8,0.125,3.4,4.8.27,0,0,8,1,452,47.86,0
attach-files-widget,10743,100,5,12,11,0.091,3.5.1,4.0.38,0,0,21,2,300,319.78,0
myagilepixel,10699,100,1,3,1,1,4.4.0,6.6.4,0,0,45,14,5690,9506.94,0
ozhs-ip-to-nation,10627,100,1,18,15,0.067,1.0.1,9.9,0,0,2,1,85,3.82,0
ambrosite-unlink-parent-pages,10585,100,1,15,14,0.071,2.1,3.3.2,0,0,3,1,205,51.36,0
sitepush,10530,94,15,13,12,0.083,3.3.1,3.6.1,0,0,20,8,4240,834.88,0
blurry-mobile-menu,10502,70,2,10,10,0.1,3.6,4.2.39,0,0,32,4,852,867.96,0
checkmail-validation-for-contact-form-7,10329,82,9,13,13,0.077,3.2,3.4.2,0,0,5,1,138,142.83,0
post-slider-lite,10312,80,4,9,8,0.125,3.5,4.8.27,0,0,33,14,1803,1416.67,0
wp-scanner,10272,100,2,9,9,0.111,3.5,4.5.33,0,0,14,11,838,27.14,0
ninja-footers-lite,10270,100,5,10,9,0.111,4,4.5.33,0,0,9,6,886,34.99,0
phone2app,10265,100,1,10,10,0.1,4.1.0,4.1.0,0,0,37,11,516,2321.27,0
db-robotstxt,10199,100,4,9,1,1,4.6,6.9.1,0,0,12,7,1160,65.16,0
playpress,10197,0,0,14,11,0.091,2.5,4.8.27,0,0,6,1,102,20.59,0
calculator,10193,0,0,16,12,0.083,2.8,3.7.41,0,0,7,1,205,72.12,0
magadanski-similar-posts,10186,100,1,12,3,0.333,5,6.0.0,0,0,26,3,649,325.24,0
black-ribbon,10166,100,2,9,5,0.2,3.0.1,5.4.18,0,0,9,1,369,97.52,0
post-count,10142,0,0,21,10,0.1,FALSE,4.4.34,0,0,2,1,14,0.81,0
wp-typed-js,10140,100,1,9,4,0.25,4.9,4.9.28,0,0,7,1,86,25.41,0
easymaintenance,10105,60,1,8,8,0.125,3,4.8.27,0,0,5,2,153,62.43,0
my-quicktags,10097,0,0,16,16,0.062,2.6,2.8.4,0,0,6,3,161,13.1,0
wp-default-sender-email-by-it-pixelz,10073,100,5,10,2,0.5,3.0.1,6.2.8,0,0,191,150,50733,3299.25,0
aviasalesru-search-widget,10044,80,2,13,10,0.1,3.0.0,4.0.38,0,0,22,5,471,303.11,0
buddypress-block-activity-stream-types,9972,0,0,15,14,0.071,FALSE,FALSE,0,0,4,3,156,13.12,0
sm-page-duplicator,9945,0,0,6,6,0.167,5,5.3.20,0,0,2,1,104,5.7,0
weather-widget-by-calcatraz,9876,100,2,12,11,0.091,3.0.1,3.7.41,0,0,6,1,272,20.11,0
dp-rdfa-breadcrumb-generator,9853,100,4,11,11,0.091,3.0.0,4.1.0,0,0,3,2,431,29.84,0
simple-admin-menu-editor,9729,100,1,15,15,0.067,3,3.0.5,0,0,3,1,112,52.57,0
link-shortcut,9655,0,0,16,16,0.062,2.7,2.7.1,0,0,15,10,700,279.01,0
css-cache-buster,9587,100,1,17,17,0.059,1.2.1,2.7,0,0,3,1,26,17.9,0
picturefillwp,9567,100,7,12,11,0.091,3.2,3.9.40,0,0,15,12,737,52.79,0
ap-twitter-follow-button,9549,0,0,13,13,0.077,3,3.3.2,0,0,2,1,248,14.96,0
mi-logo-slider,9536,80,6,9,8,0.125,4.4.0,4.9.28,0,0,39,18,2443,399.05,0
browser-specific-css,9446,100,4,16,12,0.083,2.0.2,2.9.2,0,0,5,1,342,114.66,0
wpit-gantt,9443,56,4,13,4,0.25,3.4,5.8.12,0,0,11,5,1191,58.75,0
auto-reply-wechat,9432,0,0,5,1,1,5.3,6.9.1,0,0,36,9,2666,3059.92,0
cyclone-widget,9392,0,0,7,6,0.167,4.6,5.3.20,0,0,32,16,1631,1168.4,0
never-moderate-registered-users,9257,86,3,15,1,1,3.1,6.8.3,0,0,7,2,114,42.18,0
modern-related-posts,9229,96,8,11,10,0.1,3.5,4.2.39,0,0,20,5,1421,162.32,0
unitydog,9221,100,7,12,12,0.083,3.3,3.5.2,0,0,8,1,94,24.44,0
home-categories,9179,90,6,12,12,0.083,3.3,3.5.2,0,0,8,3,232,14.24,0
bbpress-mark-as-read,9163,100,1,13,11,0.091,3.2,4.1.42,0,0,32,2,582,490.33,0
remove-wp-logo-from-admin-bar,9137,100,3,10,1,1,3,6.5.7,0,0,2,1,28,2.11,0
it-listings,9126,0,0,3,1,1,6,6.4.7,0,0,160,48,7121,1689.92,0
embed-youtube-videos-in-wordpress-plugin,9104,0,0,16,16,0.062,2.5,2.8.4,0,0,2,1,222,12.09,0
archive-remote-images,9062,86,3,13,11,0.091,3,4.0.38,0,0,6,2,929,69.92,0
faster-appearance-menus,9023,98,29,12,12,0.083,3.6,3.6.1,0,0,5,1,38,77.56,0
clean-wp-dashboard,9013,0,0,16,16,0.062,2.7,2.7.1,0,0,3,1,132,6.62,0
genesis-widget-toggle,9001,88,5,13,12,0.083,3.4,3.5.2,0,0,12,3,403,66.26,0
show-menu-shortcode,8996,0,0,14,14,0.071,3.1,3.2.1,0,0,2,1,35,2.5,0
get-widget-id,8983,100,4,10,6,0.167,3.3,5.2.23,0,0,3,1,33,16.99,0
takbull-gateway,8944,0,0,5,1,1,4.4,6.9.1,0,0,54,25,4913,337.47,0
easyredirect,8910,0,0,18,18,0.056,1,2.2.0,0,0,3,1,40,19.4,0
designo,8840,72,10,3,1,1,4.7,6.8.3,0,0,19,8,4062,310.15,0
rename-wp-loginphp-to-anything-you-want,8829,100,5,9,9,0.111,3,4.5.33,0,0,9,4,1574,414.07,0
open-graph,8769,0,0,14,14,0.071,3.1,3.1.4,0,0,3,1,195,36.5,0
lasso,8765,0,0,9,3,0.333,3.0.1,5.9.12,0,0,7,1,54,2863.66,0
article-with-pictures,8734,0,0,3,1,1,5,6.9.1,0,0,6,5,1687,75.68,0
image-banner-ads,8723,100,1,10,9,0.111,4.7,4.7.31,0,0,8,1,270,395.43,0
client-partner-showcase,8688,20,2,6,2,0.5,3.5.1,6.4.7,0,0,69,17,953,1050.52,0
moving-contents,8668,90,2,4,1,1,4.6,6.9.1,0,0,5,4,1126,46.23,0
pz-hatenablogcard,8666,0,0,10,8,0.125,3,4.8.27,0,0,22,4,1373,387.34,0
redirect-to-404,8656,74,3,9,9,0.111,3.2,4.5.33,0,0,5,2,150,124.33,0
vimeo-everywhere,8498,60,2,13,9,0.111,4,4.7.31,0,0,16,6,871,2024.99,0
salesfeed,8459,0,0,12,1,1,3,6.8.3,0,0,134,116,3764,352.67,0
wp-excerpt-settings,8453,100,2,11,8,0.125,3,4.9.28,0,0,7,3,123,13.19,0
antibot-captcha,8442,0,0,15,15,0.067,2.8.4,3.0.5,0,0,4,1,169,46.81,0
wp-post-views-counter,8418,74,3,11,11,0.091,3.5,4.0.38,0,0,29,10,830,74.48,0
wp-export-users-plus,8376,0,0,14,11,0.091,2.0.2,4.0.38,0,0,4,1,323,150.17,0
default-image-link,8321,88,5,12,12,0.083,3.0.1,3.7.41,0,0,9,1,107,18.86,0
woo-display-your-currency,8299,86,7,11,10,0.1,3.0.1,4.2.39,0,0,7,1,66,743.45,0
assets-manager,8264,100,4,12,9,0.111,3.7,4.7.31,0,0,13,10,1176,52.33,0
host-meta,8261,0,0,15,1,1,3.0.5,6.9.1,0,0,4,2,222,11.73,0
pricing-tables,8240,80,4,11,9,0.111,3.8,4.6.30,0,0,37,4,1564,2168.54,0
smugmug-responsive-slider,8224,80,5,13,9,0.111,4,4.7.31,0,0,27,6,2080,1071.08,0
hide-related-products-in-woocommerce,8221,74,6,10,10,0.1,3.0.1,3.4.2,0,0,2,1,16,1.51,0
relation-post-types,8209,100,1,15,12,0.083,3,3.5.2,0,0,23,15,1333,92.44,0
shoparize,8200,0,0,3,1,1,3.5,6.6.4,0,0,31,18,1755,638.84,0
paykun-gateway-woocommerce,8183,20,1,6,4,0.25,3.9.2,5.8.12,0,0,12,7,961,73.2,0
plugin-activation-tracker,8141,0,0,6,1,1,4.9,6.8.3,0,0,4,3,392,20.12,0
stick-admin-bar-to-bottom,8128,100,1,15,13,0.077,3.1,3.3.2,0,0,5,1,20,164.44,0
elegant-zazzle-plugin-ezp,8098,80,4,15,13,0.077,2.8,3.4.2,0,0,12,7,1177,274.08,0
dummy-text-generator,8038,100,2,8,1,1,3.3,6.7.4,0,0,4,1,34,146.4,0
readmore-readless,8014,74,3,11,11,0.091,3.0.1,3.9.40,0,0,5,1,73,203.37,0
gecka-terms-ordering,7948,100,4,14,10,0.1,3,4.4.34,0,0,5,1,341,50.97,0
monetizemore-ads-txt,7919,100,1,8,7,0.143,4.6,4.8.27,0,0,61,4,243,7010.01,0
productive-forms,7905,0,0,3,1,1,5.4,6.9.1,0,0,239,117,28501,6646.57,0
text-captcha,7898,100,1,15,14,0.071,3,3.1.4,0,0,4,2,335,15.76,0
protected-site,7836,0,0,14,14,0.071,3.1.3,3.1.4,0,0,3,1,58,8.28,0
resaline,7827,100,1,12,12,0.083,3.3,3.5.2,0,0,17,5,405,481.65,0
remove-parents,7790,0,0,18,18,0.056,2.3,2.3,0,0,2,1,45,3.29,0
remove-wp-meta-tags,7787,100,5,8,6,0.167,4.6,5.2.23,0,0,33,24,1941,206.01,0
webpayplus-pst,7737,100,1,9,7,0.143,3.0.1,4.9.28,0,0,63,41,2134,1023.49,0
wp-zen-coding,7731,0,0,16,12,0.083,2.9.1,3.2.1,0,0,9,4,327,343.09,0
statsfc-live,7722,100,1,12,2,0.5,3.3,6.2.8,0,0,4,1,272,28.33,0
contentking,7717,100,1,8,3,0.333,5.3,6.1.9,0,0,43,24,2541,127.88,0
image-comparison-block,7712,100,4,5,4,0.25,5.3.2,5.8.12,0,0,11,2,85,55.38,0
admin-show-sticky,7673,0,0,17,16,0.062,2.7,2.9.2,0,0,3,1,42,10.42,0
socius-marketing-page-taxonomy,7661,100,1,9,4,0.25,3.0.1,4.9.28,0,0,20,6,1090,695.18,0
html-tag-and-class-replace,7649,100,2,4,1,1,4.7,6.8.3,0,0,10,3,301,36.78,0
wp-s3-backups,7627,0,0,17,16,0.062,2.8,2.9.2,0,0,5,2,1155,63.69,0
mpcx-slider,7611,100,1,10,8,0.125,4.2.3,4.9.28,0,0,18,4,441,1115.83,0
woocomm-2co-dynamic-payment-gateway,7602,60,2,10,10,0.1,3.0.1,4.4.34,0,0,12,5,558,415.57,0
site-announcements,7600,90,4,8,7,0.143,4,5.1.21,0,0,23,14,852,87.96,0
subtitle-360,7543,100,1,14,11,0.091,3,4.1.42,0,0,3,1,52,10.05,0
redirect-to-url,7391,80,8,11,10,0.1,3.4.1,4.1.42,0,0,3,2,125,8.13,0
eps-super-search,7343,94,10,11,11,0.091,3.0.1,4.1.0,0,0,5,4,276,12.75,0
event-calendar-with-map-view,7313,84,5,10,10,0.1,3.8,4.4.34,0,0,39,8,1007,2082.14,0
post-featured-tag-block-by-gutena,7289,0,0,3,1,1,5.8,6.9.1,0,0,15,4,266,31.05,0
billbee-auftragsabwicklung-warenwirtschaft-automatisierung,7220,100,1,9,3,0.333,FALSE,FALSE,0,0,34,15,712,2342.55,0
wp-tidy-tinymce,7213,100,1,13,11,0.091,3.4,3.9.40,0,0,5,3,301,14.54,0
eu-cookie-notification,7187,100,1,9,1,1,3.0.1,6.7.4,0,0,10,1,203,182.43,0
media-images-widget,7153,0,0,14,14,0.071,3,3.2.1,0,0,5,1,139,37.6,0
smartarget-lucky-wheel,7130,94,3,3,1,1,3.0.1,6.9.1,0,0,22,15,750,1807.15,0
simplepage-sync-landing-page-for-web,7099,100,1,5,4,0.25,4.6,5.8.12,0,0,10,3,440,75.64,0
enhanced-custom-menu,7082,0,0,15,15,0.067,3,3.0.5,0,0,2,1,76,4.85,0
edit-howdy,7080,60,3,14,11,0.091,3,3.3.2,0,0,2,1,167,7.78,0
advance-login-style,7017,74,3,11,11,0.091,3.0.1,3.9.40,0,0,19,10,1006,76.66,0
private4time,7015,100,1,15,11,0.091,2.8,4.1.42,0,0,6,1,293,395.45,0
disable-comment-author-links,6981,0,0,14,4,0.25,2.0.2,5.8.12,0,0,2,1,17,1.9,0
value-auth-two-factor-and-access-control,6940,0,0,5,3,0.333,5,6.0.11,0,0,945,790,63389,7630.63,0
mpress-fix-url-references,6894,68,5,13,9,0.111,3.2,4.5.33,0,0,2,1,109,9.34,0
hide-footer-links,6874,0,0,9,8,0.125,4.5,4.7.31,0,0,2,1,230,11.29,0
twitter-follow-button-for-wordpress,6842,100,1,14,14,0.071,3,3.1.4,0,0,4,1,109,16.8,0
vwe-voorraadlijst,6824,0,0,7,2,0.5,3.2.1,6.2.8,0,0,7,2,604,22.28,0
cfs-options-screens,6789,100,2,11,4,0.25,3.9,5.9.0,0,0,5,2,553,27.17,0
wp-google-calendar,6686,40,1,10,5,0.2,3.0.1,5.3.20,0,0,128,4,1632,3365.27,0
getresponse-for-formcraft,6656,0,0,10,4,0.25,3.6,5.9.12,0,0,9,4,1513,67.25,0
delete-all-pending-comments,6636,100,4,13,13,0.077,3,3.5.2,0,0,3,1,84,4.19,0
tinywebgallery-wrapper,6623,100,1,14,3,0.333,2.8.6,6.0.11,0,0,15,3,875,532.22,0
wpx-google-analytics,6561,0,0,13,13,0.077,3.0.1,3.5.2,0,0,8,1,235,113.01,0
envo-companion,6555,0,0,2,1,1,4,6.6.4,0,0,45,14,1003,3189.64,0
wp-blockade,6529,74,3,9,7,0.143,4,4.9.28,0,0,86,13,1132,1670.84,0
mobile-switcher,6523,0,0,10,10,0.1,3.0.1,4.1.42,0,0,23,16,2109,124.83,0
buddy-views,6514,96,4,10,10,0.1,4,4.4.34,0,0,59,31,3171,175.52,0
re-pro,6504,60,2,9,8,0.125,4.6,4.9.28,0,0,155,73,7328,1032.18,0
eu-cookie-law-wp-cookie-law,6496,0,0,13,13,0.077,2.8,3.3.2,0,0,15,1,204,244.07,0
wp-rest-api-custom-fields,6492,100,2,10,10,0.1,4.2.1,4.2.39,0,0,5,1,46,255.85,0
xml-rpc-modernization,6477,100,2,14,13,0.077,3.3,3.5.2,0,0,3,2,1922,80.48,0
kantbtrue-about-me,6468,100,2,5,1,1,5,5.8.12,0,0,38,8,633,3034.33,0
wholesale-customers-for-woo,6467,86,4,8,2,0.5,4.6,6.3.0,0,0,4,3,359,21.4,0
engagebay-gravity-forms,6462,0,0,6,1,1,4,6.8.3,0,0,8,5,672,34.63,0
wp-simple-web-services,6428,100,1,12,12,0.083,3.1,3.7.41,0,0,9,6,606,22.82,0
genesis-co-authors-plus,6422,100,2,13,12,0.083,3,3.7.41,0,0,2,1,113,6.1,0
magic-meta-box,6358,0,0,10,4,0.25,4,5.8.12,0,0,118,50,1328,1564.06,0
pingback-killer,6323,0,0,14,14,0.071,3.2,3.3.2,0,0,2,1,64,3.22,0
mojito-sinpe,6321,100,6,5,1,1,5.2,6.7.4,0,0,128,59,149805,28524.67,0
filterable-photo-gallery-beaver-builder-elementor,6292,80,4,5,1,1,4.6,6.5.7,0,0,36,8,3012,694.28,0
disable-autosave,6266,100,1,8,8,0.125,4,4.8.27,0,0,2,1,14,0.92,0
wp-over-network,6261,100,2,12,12,0.083,3.5,3.5.2,0,0,9,5,591,31.13,0
security-txt-manager,6239,100,2,2,1,1,5.7,6.9.1,0,0,9,6,314,14.88,0
columnizer,6223,80,3,13,13,0.077,3,3.4.2,0,0,5,1,74,20.05,0
simplegal,6198,0,0,15,14,0.071,2.5,3.3.2,0,0,5,1,239,30.75,0
insert-code-lite,6197,100,2,11,7,0.143,3.9.2,5.0.24,0,0,16,11,635,42.58,0
wp-heading-buttons,6197,100,1,12,1,1,5,6.9.1,0,0,36,1,401,570.11,0
cawaii-admin,6169,0,0,14,14,0.071,3.2.1,3.3.2,0,0,35,5,618,1456.64,0
meridian-one-features,6166,0,0,8,5,0.2,4.5,5.4.18,0,0,25,12,1404,972.35,0
wp-fontallic-easypromoweb,6160,100,3,11,6,0.167,3.0.1,5.2.23,0,0,53,5,467,7434.08,0
rss-custom-fields,6129,100,1,15,15,0.067,3,3.0.5,0,0,9,3,172,38.2,0
quick-navigation-interface,6125,100,5,10,5,0.2,5,5.6.16,0,0,23,3,368,539.86,0
facetwp-manipulator,6100,100,1,9,9,0.111,3.6,4.7.31,0,0,116,37,4414,2729.07,0
wp-foundation-shortcodes,6096,86,6,10,9,0.111,4,4.5.33,0,0,98,11,2287,1647.2,0
change-login-page-logo,6075,100,1,4,1,1,2.7,6.5.7,0,0,12,7,470,235.54,0
coincorner-checkout,6072,0,0,6,6,0.167,3.0.1,5.2.23,0,0,4,1,270,22.96,0
quform-wpml,6057,100,1,3,1,1,4.6,6.9.1,0,0,10,9,976,68.61,0
peters-literal-comments,6005,100,3,14,10,0.1,2.5,4.8.27,0,0,2,1,35,2.54,0
am-quick-contact-box,5991,0,0,14,14,0.071,2.7.0,3.0.5,0,0,9,1,222,37,0
tiny-grid,5963,96,4,10,10,0.1,3.0.1,3.4.2,0,0,14,1,119,234.04,0
discourage-search-engines-notifier,5928,100,4,9,1,1,3.5,6.8.3,0,0,3,1,43,37.51,0
cf7-smtp,5923,80,2,3,1,1,5.5,6.9.1,0.67,1,53,36,4717,453.18,0
disable-registration-email,5908,0,0,15,15,0.067,2.9,3.0.5,0,0,2,1,56,3.59,0
lj-multi-column-archive,5889,100,1,16,14,0.071,2.8,3.3.2,0,0,5,1,179,20.2,0
advanced-custom-fields-markdown,5889,60,1,11,9,0.111,4,4.6.30,0,0,78,3,1067,608.11,0
blank,5882,0,0,3,1,1,5,6.8.3,0,0,4,3,55,3.04,0
apex-digital-toolbox,5878,0,0,9,1,1,3.0.1,6.7.4,0,0,23,19,4346,206.65,0
todays-date,5877,100,5,12,12,0.083,3.0.0,3.6.1,0,0,2,1,15,1.76,0
unauthorised-login-redirect,5852,86,4,10,2,0.5,4.3,6.4.7,0,0,12,9,300,48.1,0
bbp-capabilities,5852,76,5,11,11,0.091,3.5,3.9.40,0,0,5,2,731,39.06,0
siiimple,5838,0,0,9,1,1,4,6.9.1,0,0,28,17,1544,113.09,0
nakiedy-darmowy-system-rezerwacji-online,5837,0,0,10,9,0.111,3.2,4.6.30,0,0,17,5,702,130.78,0
gravity-forms-pdf,5836,100,1,13,13,0.077,3.2.3,3.2.3,0,0,206,116,33038,13337.17,0
snack-ads-txt,5834,100,1,6,1,1,5.3,6.9.1,0,0,13,11,924,30.86,0
property-hive-rental-yield-calculator,5824,0,0,9,1,1,3.8,6.5.7,0,0,11,2,134,145.52,0
link-sort,5815,0,0,17,13,0.077,2.1,3.5.2,0,0,4,1,322,17.5,0
wp-simple-and-nice-preloader,5789,100,4,11,11,0.091,3,3.7.41,0,0,186,5,212,701.21,0
boekuwzending-for-woocommerce,5765,0,0,5,1,1,5,6.5.7,0,0,1804,1733,637027,19688.89,0
custom-password-protected-text,5763,100,5,13,13,0.077,3,3.4.2,0,0,2,1,85,4.59,0
subscribe2-widget-hack,5753,0,0,18,18,0.056,2.2,2.3.2,0,0,3,1,91,32.05,0
widget-dashboard-for-elementor,5724,0,0,2,2,0.5,4.7,6.3.7,0,0,6,2,250,11.4,0
hide-generator-meta-tag,5701,0,0,14,13,0.077,3.0.0,3.4.2,0,0,2,1,12,1.57,0
investment-calculator,5683,0,0,17,4,0.25,2.0.2,5.8.12,0,0,2,1,167,9.22,0
genesis-custom-post-types-archives,5675,100,1,14,13,0.077,3,3.3.2,0,0,8,6,1373,78.13,0
md5-media-renamer,5673,100,3,12,12,0.083,3,3.6.1,0,0,20,2,255,225.51,0
fay-emails-encoder,5665,100,1,16,9,0.111,3,4.5.33,0,0,8,2,116,198.76,0
lite-contact-form,5651,100,1,5,4,0.25,4.6,5.9.12,0,0,10,4,308,23.4,0
live-forex-table,5637,100,2,10,9,0.111,2.5.1,4.6.30,0,0,6,3,332,21.81,0
gutenbye,5608,0,0,7,7,0.143,4.6,5.0.24,0,0,2,1,18,1.9,0
disqus-recent-comments-widget-advanced,5600,100,3,11,11,0.091,3,3.9.40,0,0,4,1,211,10.46,0
post-category,5597,100,3,10,9,0.111,2.9,4.5.33,0,0,6,5,679,22.85,0
wp-stickit,5593,100,4,10,1,1,5,6.8.3,0,0,10,4,244,58.26,0
several-images-slider-widget,5591,100,1,7,1,1,4.5,6.8.3,0,0,15,4,413,261.02,0
custom-shortcodes,5577,100,1,16,16,0.062,2.0.2,2.7,0,0,2,1,67,4.27,0
falang-for-wpbakery-lite,5567,100,3,4,1,1,4.7,6.7.4,0,0,16,2,799,45.45,0
zaki-like-dislike-comments,5554,80,5,12,11,0.091,3.3,4.1.42,0,0,11,5,489,34.7,0
wc-slider,5548,0,0,8,3,0.333,4,6.0.11,0,0,28,4,129,787.04,0
cb-disable-comment-url,5536,74,3,10,1,1,4.6,6.6.4,0,0,2,1,23,2.11,0
beagle-security-wp-security-advanced-penetration-testing,5525,74,3,5,1,1,5.2,6.5.7,0,0,19,16,3933,336.45,0
acymailing-universal-filter,5520,0,0,5,1,1,FALSE,6.9.1,0,0,3,2,586,33.96,0
buddypress-conditional-field-groups,5469,80,3,10,10,0.1,3.5.1,4.2.0,0,0,9,3,271,10.05,0
oxyplug-prefetch,5465,100,4,4,1,1,5.3,6.8.3,0,0,39,1,1178,294.03,0
greenrope-analytics,5452,0,0,12,1,1,3,6.9.1,0,0,7,3,236,30.22,0
tooltipglossary,5436,0,0,15,15,0.067,3,3.0.5,0,0,4,1,204,16.75,0
wsa-cachepurge,5423,100,1,6,1,1,3.5.0,6.9.1,0,0,23,9,1169,153.29,0
pauls-latest-posts,5410,0,0,17,16,0.062,2.3,2.7.1,0,0,2,1,357,29.67,0
simple-subscriber-signup-widget,5409,80,2,11,11,0.091,3.0.1,3.7.41,0,0,5,1,159,26.86,0
gravity-forms-force-ssl,5408,100,2,11,11,0.091,3.7,4.1.42,0,0,7,5,197,83.2,0
wc-usaepay-payment-gateway,5338,0,0,3,1,1,4.4,6.9.1,0,0,19,9,1619,209,0
development-theme,5322,64,5,13,12,0.083,3,3.7.41,0,0,4,1,181,80.87,0
cleantalk-bbpress-spam-scanner,5309,0,0,5,1,1,3,6.9.1,0,0,6,4,612,40.69,0
shipink,5290,100,5,3,1,1,4.5.0,6.8.3,0,0,27,16,1402,86.11,0
user-login-stat,5259,0,0,14,5,0.2,3.2,5.4.18,0,0,3,1,164,25.75,0
bubble-chat,5258,100,2,3,1,1,5.6,6.6.4,0,0,33,8,1440,892.73,0
get-liveinternet-statistics,5216,100,1,12,12,0.083,3.3,3.5.2,0,0,2,1,128,6.29,0
import-vk,5192,60,2,8,1,1,4.1,6.7.4,0,1,18,2,456,653.49,0
menu-override,5162,100,9,12,11,0.091,3.5.1,3.9.40,0,0,2,1,137,7.54,0
world-flag,5161,40,2,12,11,0.091,2.9.2,3.9.40,0,0,15,3,452,572.91,0
merge-menus,5142,100,4,3,2,0.5,5.8,6.4.7,0,0,4,1,242,27.9,0
custom-tabindex-gravity-forms-add-on,5140,82,7,12,11,0.091,3.8,4.0.38,0,0,3,1,80,4.66,0
wp-server-date-time,5138,100,1,17,1,1,2.6,6.9.1,0,0,3,1,31,18.09,0
custom-javascript-inserter,5136,100,1,10,10,0.1,3.0.1,4.4.34,0,0,2,1,68,4.02,0
improving-search-form-accessibility,5088,0,0,4,1,1,6,6.9.1,0,0,7,1,47,43.85,0
enormail-sign-up-forms,5073,0,0,6,1,1,3.0.1,6.6.4,0,0,44,35,2170,131.46,0
wp-fancy-message-box,5053,100,3,12,11,0.091,3.3,4.0.38,0,0,12,1,85,90.7,0
insert-video-with-schemaorg-ivws,5049,100,3,11,7,0.143,4,5.0.24,0,0,12,3,210,47.81,0
waves,5023,86,3,5,3,0.333,5.4,6.0.11,0,0,11,3,73,281.12,0
slaask,5013,0,0,9,6,0.167,3.0.1,5.2.23,0,0,3,2,106,5.9,0
display-live-visitors-counter,5003,100,1,5,5,0.2,5,5.4.18,0,0,2,1,239,13.34,0
media-expirator,5003,100,1,10,10,0.1,3.5.1,4.3.34,0,0,7,1,103,14.08,0
storemapper,4991,100,1,8,1,1,4.4,6.8.3,0,0,31,13,658,670.12,0
stepform,4959,92,5,6,1,1,4,6.8.3,0,0,31,7,748,876.02,0
simple-reverse-comments,4959,0,0,17,17,0.059,2,2.5.1,0,0,2,1,25,1.37,0
bible-verses,4956,0,0,11,4,0.25,4,5.9.12,0,0,2,1,248,9.31,0
tainacan-url-metadata-type,4929,100,1,5,1,1,5.9,6.5.7,0,0,7,2,241,23.66,0
easy-qr-code-generator,4925,100,1,3,1,1,5,6.6.4,0,0,9,2,457,1492.07,0
remove-amazon-links-from-rss-feed,4908,100,1,11,8,0.125,3.5,4.8.27,0,0,2,1,39,3.21,0
disable-xml-rpc-fully,4907,100,1,12,12,0.083,3.5.1,3.6.1,0,0,5,3,90,21.95,0
comment-form-validation,4887,90,2,9,5,0.2,4,5.5.17,0,0,6,1,18,98.39,0
apoyl-grabweixin,4874,0,0,3,1,1,6,6.8.3,0,0,20,12,525,32.77,0
user-role-for-flamingo,4870,60,2,3,2,0.5,5,6.4.7,0,0,14,10,616,50.89,0
drafts-of-post-revisions,4867,98,7,13,12,0.083,3.4,3.4.2,0,0,37,21,2775,718.52,0
latest-simple-news-ticker,4835,100,3,8,8,0.125,3,4.8.27,0,0,6,3,226,15.44,0
google-trends-widget,4834,100,1,11,5,0.2,3.0.1,5.4.18,0,0,2,1,175,11.49,0
bing-ads-uet,4832,0,0,10,10,0.1,3.5.0,4.2.39,0,0,5,1,132,162.45,0
code-blocks,4808,100,1,12,10,0.1,3.0.1,4.2.39,0,0,7,3,192,21.01,0
wp-bible-embed,4807,80,1,12,10,0.1,1.5,4.1.42,0,0,4,2,74841,4514.51,0
unipay-payment-gateway-for-woocommerce,4796,100,5,7,1,1,3.3,6.6.4,0,0,76,4,1095,204.55,0
automated-dpd-express-livemanual-shipping-rates-labels-and-pickup,4788,100,1,4,1,1,4.0.1,6.7.4,0,0,1336,1191,144589,8460.81,0
search-my-theme,4719,100,3,12,5,0.2,3.3,5.6.16,0,0,10,2,988,68.07,0
switch-jq-version,4718,100,1,12,11,0.091,3,3.7.41,0,0,11,2,147,52.93,0
post-internal-link-removal,4699,86,6,9,6,0.167,3.0.1,5.2.23,0,0,2,1,211,10.9,0
smart-author-box,4658,80,1,6,1,1,4,6.6.4,0,0,43,19,1683,1566.58,0
wp-blocks,4618,0,0,15,15,0.067,3,3.0.5,0,0,9,6,513,20.66,0
copy-protection,4609,46,3,9,9,0.111,4.6,4.6.30,0,0,13,2,101,33.13,0
smart-quotes,4605,100,1,14,12,0.083,2.9,3.6.1,0,0,6,1,167,21.85,0
find-function,4593,100,2,10,8,0.125,4.7,4.9.28,0,0,6,3,166,24.51,0
jinx-the-javascript-includer,4545,0,0,15,15,0.067,2.6.3,3.0.5,0,0,5,1,239,58.5,0
scode-by-mojwp,4527,100,4,10,4,0.25,4,5.7.14,0,0,16,6,551,101.2,0
rename-users,4512,100,3,12,9,0.111,3,4.7.31,0,0,5,1,138,17.53,0
manage-tinymce-editor,4468,100,1,8,8,0.125,4.8,4.8.27,0,0,16,2,218,21.7,0
cogwork,4466,100,3,10,1,1,4.6,6.8.3,0,0,29,17,1555,256.1,0
orbisius-quick-nav,4466,84,6,12,8,0.125,3.0.0,4.7.31,0,0,4,1,642,208.87,0
gentime,4463,100,7,10,1,1,5.3,6.9.1,0,0,4,1,90,42,0
delete-bad-behavior-log,4461,100,1,13,13,0.077,3,3.4.2,0,0,2,1,74,2.75,0
ci-image-widget,4457,100,1,9,2,0.5,4.4,6.4.7,0,0,11,1,177,127.45,0
wp-bootstrap-widgets,4456,100,1,9,9,0.111,4,4.5.33,0,0,18,11,1363,85.79,0
wp-customizer,4421,100,2,12,8,0.125,4.8,4.8.27,0,0,34,9,1640,1132.31,0
accessible-web-badge,4414,0,0,4,1,1,5,6.6.4,0,0,7,6,931,29.38,0
simple-login-screen-customizer,4373,100,2,12,10,0.1,3.7.1,4.4.34,0,0,12,6,431,42.49,0
wp-our-team,4364,100,2,9,9,0.111,3,4.4.34,0,0,17,1,311,931.85,0
seolat-tool-plus,4356,100,3,6,2,0.5,3.9,6.4.7,0,0,328,107,17896,4671.65,0
nepirity-analytics,4351,100,1,8,6,0.167,3.6,5.2.23,0,0,81,46,4344,1192.77,0
class-widget-ats-text,4343,0,0,8,1,1,3,6.9.1,0,0,6,5,153,11.09,0
gamipress-transfers-notes,4310,100,1,6,1,1,4.4,5.7.14,0,0,6,4,432,19.61,0
wp-fixed-social-profile-icons,4309,94,3,11,2,0.5,3.5,6.4.7,0,0,11,1,234,27.63,0
smartarget-social-contact-us,4296,0,0,4,1,1,3.0.1,6.9.1,0,0,23,15,762,1956.25,0
show-all-products-shortcode-for-woocommerce,4286,0,0,9,9,0.111,3,4.6.30,0,0,2,1,38,2.58,0
external-content,4280,80,1,10,10,0.1,2.9.0,4.4.34,0,0,22,17,853,67.54,0
ehive-access,4277,100,1,12,1,1,3.3.1,6.8.3,0,0,53,46,2931,169.85,0
gosign-header-image-block,4271,0,0,6,3,0.333,6,6.0.11,0,0,17,2,95,560.16,0
affiliates-manager-wp-estore-integration,4271,0,0,10,1,1,3.8,6.7.4,0,0,2,1,61,4.32,0
wp-custom-emails,4264,90,4,10,9,0.111,3.5,4.4.34,0,0,18,14,1916,98.21,0
date-translator,4260,100,1,11,9,0.111,3.5,4.1.42,0,0,10,3,255,165.1,0
motion,4250,100,5,10,10,0.1,4,4.0.38,0,0,53,7,549,184.48,0
login-site-icon,4215,100,2,9,1,1,4.3,6.6.4,0,0,2,1,43,3.64,0
strings-sanitizer,4210,100,1,13,13,0.077,2.7,3.4.2,0,0,27,6,934,299.02,0
contact-form-to-wp-posts,4193,66,3,10,7,0.143,3.9,4.9.28,0,0,9,4,386,49.41,0
fetch-spad,4190,0,0,3,1,1,6.2,6.8.3,0,0,206,154,17823,1402.7,0
mobile-friendly-twenty-ten,4185,0,0,10,3,0.333,4,4.8.27,0,0,3,1,18,3.99,0
wp-localscroll,4181,74,6,12,12,0.083,3.5,3.7.41,0,0,5,2,404,24.73,0
comment-redlist,4164,100,3,12,7,0.143,FALSE,4.9.28,0,0,12,5,1008,88.44,0
qualtrics-survey-embeds,4158,0,0,11,10,0.1,2.9.0,4.3.34,0,0,8,4,459,21.73,0
search-index-page-content,4107,100,3,12,11,0.091,3.6,4.0.38,0,0,7,1,229,29.51,0
eth-embed-anchor-fm,4093,0,0,3,3,0.333,4.7,6.0.11,0,0,9,5,282,25.38,0
media-item-url,4083,100,10,12,9,0.111,3.8,4.6.0,0,0,6,1,192,12.56,0
wp-minibar,4078,100,1,13,10,0.1,3.4,4.2.39,0,0,3,1,37,3.7,0
disable-feeds-and-hide-usernames,4064,80,3,9,7,0.143,3.0.1,5.0.24,0,0,3,1,36,20.67,0
add-tiktok-pixel-for-wooccommerce,4061,0,0,3,2,0.5,6.0.0,6.2.8,0,0,3,1,340,37.31,0
login-to-read-more,4061,100,1,12,12,0.083,3.5,3.5.2,0,0,2,1,49,2.92,0
media-filter,4058,100,3,13,11,0.091,3.8,3.9.40,0,0,9,1,198,106.82,0
mailster-piwik,4026,0,0,9,1,1,6,6.5.7,0,0,2,1,298,12.28,0
wp-squirrelmail,4021,0,0,10,9,0.111,3.0.1,4.5.33,0,0,15,10,970,79.08,0
simple-custom-posts-per-page,4003,0,0,14,14,0.071,2.7,3.1.4,0,0,7,2,77,43.88,0
display-links-by-category,4002,0,0,14,14,0.071,3.2.1,3.2.1,0,0,2,1,103,6.97,0
remove-quick-edit,3997,100,1,15,11,0.091,3,4.0.38,0,0,2,1,18,1.7,0
wpuf-login-redirect,3996,74,3,10,10,0.1,3.3,4.3.34,0,0,2,1,31,2.4,0
pullquote-shortcode,3981,100,1,13,11,0.091,3.8,3.9.40,0,0,11,1,82,235.13,0
lqthemes-companion,3976,0,0,7,7,0.143,4,4.9.28,0,0,129,89,15024,1910.2,0
addfunc-backgrounds,3967,100,1,7,7,0.143,3.0.1,5.0.24,0,0,10,3,1992,247.29,0
weepay-payment-gateway-sanal-pos-modulu,3963,0,0,4,1,1,4,6.7.4,0,0,15,2,502,86.64,0
digital-business-card,3946,20,2,4,2,0.5,4.7.0,6.4.7,0,0,61,8,982,8800.77,0
gravity-forms-sticky-form,3940,100,3,11,10,0.1,2.9.2,4.3.34,0,0,2,1,198,12.61,0
belcoio,3936,0,0,11,3,0.333,3.9.1,6.0.11,0,0,18,7,525,444.9,0
eprolo-pod-dropshipping,3930,60,5,3,1,1,4.4,6.8.3,0,0,25,9,1309,414.94,0
cf7-woo-product-registration,3923,100,2,7,1,1,4.5,6.7.4,0,0,28,18,1351,93.3,0
hot-accordion,3915,20,1,5,1,1,5,6.9.1,0,0,11,1,56,21.02,0
super-thorough-admin-color-scheme,3906,100,4,10,9,0.111,3.8,4.6.30,0,0,11,1,59,102.25,0
a-sticky-note,3899,0,0,5,5,0.2,5.2,5.5.17,0,0,9,2,53,49.36,0
ilc-folding,3899,0,0,16,16,0.062,2.6,2.7,0,0,4,1,19,17.09,0
spediex-for-theme,3890,0,0,3,3,0.333,4.9,5.9.12,0,0,49,45,10118,429.24,0
trustami-badge-for-customer-reviews-and-google-stars,3856,100,1,6,1,1,5.6,6.9.1,0,1,33,27,1930,129.55,0
advanced-comments-widget,3842,100,3,9,9,0.111,4.4,4.5.33,0,0,14,4,1133,923.17,0
wp-copyright,3830,0,0,8,7,0.143,4.6,4.9.28,0,0,5,1,867,38.27,0
sitemap-shortcode,3811,98,8,12,12,0.083,3.5,3.7.41,0,0,11,1,54,796.72,0
nutrifox,3781,0,0,6,4,0.25,4.4,5.9.12,0,0,6,1,113,11.35,0
aio-tools,3780,100,1,4,1,1,4.3,6.5.7,0,0,208,113,46256,2334.64,0
character-countdown,3754,100,3,11,11,0.091,3.1,4.7.31,0,0,5,1,185,158.03,0
digital-warranty-card-generator,3747,100,1,4,1,1,6.3,6.8.3,0,0,284,107,60949,32180.05,0
preserve-mainwp,3747,100,1,5,5,0.2,5,5.3.20,0,0,2,1,29,2.46,0
wp-image-zoomify,3733,100,1,9,9,0.111,3.1,4.5.33,0,0,4,1,48,6.45,0
dka-child-pages-widget,3730,0,0,13,9,0.111,2.0.2,4.6.30,0,0,8,1,113,150.82,0
wp-dashboard-cleaner,3708,100,1,8,2,0.5,3.0.1,6.4.7,0,0,31,12,716,168.96,0
similar-products,3708,100,1,9,4,0.25,3.5,5.6.16,0,0,8,2,623,32.53,0
mailpoet-for-formcraft,3703,0,0,10,10,0.1,3.6,4.2.39,0,0,6,1,132,29.22,0
bramework,3693,100,1,3,1,1,3.5.0,6.5.7,0,0,7,2,276,73.96,0
slick-carousel,3682,76,4,11,11,0.091,4.0.0,FALSE,0,0,28,5,962,167.34,0
custom-js,3677,0,0,9,9,0.111,4.6,4.6.30,0,0,6,1,72,24.92,0
themepaw-companion,3671,0,0,6,6,0.167,4.7,5.3.20,0,0,46,10,5788,2263.92,0
wp-floorplans,3664,100,1,10,10,0.1,3.7,4.3.34,0,0,12,5,696,55.87,0
japan-tenki,3662,0,0,14,14,0.071,2.9.2,3.2.1,0,0,7,1,1490,140.95,0
woo-quantity-based-shipping-rate,3660,60,2,9,9,0.111,3.0.1,4.5.33,0,0,6,1,349,231.78,0
wp-scroll-2,3660,100,1,8,1,1,3.3,6.8.3,0,0,6,1,179,46.79,0
better-media-library-fields,3653,98,7,12,11,0.091,3.8,4.1.42,0,0,4,1,54,22,0
debug-log,3650,100,1,9,9,0.111,2.6.0,4.5.33,0,0,2,1,96,5.71,0
wdv-storefront-homepage-control,3645,100,1,6,5,0.2,5.0.0,5.5.17,0,0,3,1,237,29.58,0
image-zoom-in-out,3633,100,1,9,9,0.111,4,4.4.34,0,0,4,1,70,12.17,0
simple-login-page-customizer,3604,100,3,9,6,0.167,3.0.1,5.2.23,0,0,9,1,1173,1204.76,0
f4-simple-whitelabel,3595,100,1,6,1,1,5.2,6.9.1,0,0,8,5,504,18.2,0
random-page-redirect-for-wordpress,3582,100,1,13,9,0.111,4.0.0,4.5.0,0,0,2,1,32,2.28,0
flat-login,3571,100,1,11,10,0.1,3.6,4.3.34,0,0,23,7,217,198.37,0
add-background-size-to-customizer,3519,100,1,10,10,0.1,3.4.0,4.2.39,0,0,4,1,69,141.35,0
yarpp-for-bbpress,3518,40,4,12,12,0.083,3.0.1,3.7.41,0,0,3,2,39,2.71,0
property-hive-rental-affordability-calculator,3515,0,0,5,1,1,3.8,6.9.1,0,0,11,2,150,265.62,0
acf-tab-accordion-title-icons,3509,0,0,8,1,1,4.7,6.7.4,0,0,14,1,151,628.99,0
backtop,3506,60,1,15,12,0.083,3.8,3.7.41,0,0,6,1,20,85.75,0
tradeup-extensions,3479,0,0,4,4,0.25,4,5.8.12,0,0,76,61,7958,491.78,0
a11y-buttons,3473,100,1,3,1,1,6.4,6.8.3,0,0,43,6,474,484.95,0
bordered-blocks,3473,100,5,3,1,1,5.9,6.9.1,0,0,15,6,821,287.33,0
in-page-script,3472,0,0,10,10,0.1,3.0.1,4.3.34,0,0,5,2,209,81.64,0
official-easymailing,3470,100,1,5,1,1,4.7.5,6.7.4,0,0,302,266,13595,2515.62,0
coming-soon-express,3451,100,1,7,4,0.25,4.9,5.8.12,0,0,21,8,1736,1022.22,0
simple-qr,3450,100,1,4,4,0.25,4.7,5.8.12,0,0,7,5,245,21.12,0
structured-social-profiles,3448,100,3,11,11,0.091,3.1,4.1.42,0,0,7,3,278,27.83,0
vc-galleria,3438,100,1,8,8,0.125,3.0.1,4.8.27,0,0,8,2,145,70.56,0
xiaodu-jsdelivr,3429,100,4,4,3,0.333,5.3,6.0.11,0,0,7,5,1385,71.85,0
combined-taxonomies-tag-cloud,3428,0,0,9,6,0.167,3.8,5.2.23,0,0,6,1,380,38.84,0
post6widgetarea,3421,100,1,12,12,0.083,3.4,3.5.2,0,0,12,3,706,158.14,0
auto-cart-update-on-quantity-change,3420,100,1,5,5,0.2,5,5.4.18,0,0,2,1,42,3.37,0
link-images-to-none,3419,100,2,12,12,0.083,2.8,3.7.41,0,0,2,1,16,2.29,0
pending-email-smtp,3414,100,3,4,4,0.25,5.7.0,5.7.14,0,0,5,3,168,24.25,0
maven-algolia,3412,50,2,11,11,0.091,3.6,3.9.40,0,0,43,18,3729,884.46,0
keyword-filter,3403,0,0,14,14,0.071,2.7,3.3.2,0,0,2,1,24,1.6,0
accredible-learndash-add-on,3354,0,0,3,1,1,6.2,6.9.1,0,0,71,36,3651,3570.78,0
press-tube,3343,0,0,8,8,0.125,4.6,FALSE,0,0,44,22,2342,327.37,0
return-shortlink-button,3337,100,1,10,1,1,4.4,6.9.1,0,0,2,1,11,1,0
wp-naver-map-in-post,3313,0,0,10,9,0.111,3.0.1,4.5.33,0,0,32,1,159,926.96,0
force-jquery-in-head,3306,100,1,5,1,1,4.4,6.7.4,0,0,2,1,15,1.49,0
multidomain-redirect,3284,100,3,13,13,0.077,2.0.2,3.4.2,0,0,2,1,35,2.48,0
disable-deprecated-warnings,3278,80,1,13,13,0.077,3,3.4.2,0,0,2,1,27,1.97,0
quick-page-navigation,3265,100,2,9,9,0.111,4.0.0,4.6.30,0,0,6,1,177,14.89,0
display-active-plugins-first,3231,100,2,8,5,0.2,4.6,5.5.17,0,0,2,1,33,1.75,0
disable-wp-emoji-icons,3201,100,1,9,2,0.5,3.0.1,6.4.7,0,0,4,3,73,3.83,0
realty-portal-agent-dashboard,3184,0,0,8,6,0.167,4.5,4.8.27,0,0,6,4,480,18.79,0
integration-for-cardconnect-and-gravity-forms,3177,0,0,5,1,1,3.6,6.9.1,0,0,72,61,7749,420.46,0
auto-fill-form-fields,3177,0,0,9,8,0.125,3.0.1,4.7.31,0,0,3,1,28,4.32,0
wen-maintenance-mode,3174,0,0,7,1,1,6,6.8.3,0,0,34,7,787,2836.43,0
stream-to-slack,3168,100,2,10,10,0.1,4.3,4.3.34,0,0,3,2,99,4.6,0
simple-breadcrumb,3148,0,0,10,10,0.1,3.0.1,4.4.34,0,0,5,1,96,489.79,0
mykraft-responsive-video-shortcode,3140,100,1,11,3,0.333,3,6.0.11,0,0,9,1,51,32.1,0
outranking,3134,0,0,4,2,0.5,5,6.1.9,0,0,21,8,1086,492.87,0
aomailer,3132,100,2,6,3,0.333,4.9.9,6.0.11,0,0,66,18,4072,1862.75,0
about-us-shortcode,3126,100,1,6,6,0.167,5.3,5.3.20,0,0,38,12,1586,775.8,0
payout-payment-gateway,3099,100,1,5,1,1,5.0.19,6.7.4,0,0,16,10,1110,61.66,0
unblock-cs-jss-for-googlebot,3092,0,0,10,10,0.1,3.0.1,4.4.34,0,0,2,1,39,3.15,0
guten-forms-akismet,3091,100,1,5,3,0.333,5,5.9.12,0,0,13,5,188,15.65,0
ctc-flatbuttons,3076,100,3,3,2,0.5,4.9,6.2.8,0,0,21,2,323,87.79,0
ga-code,3043,100,1,9,7,0.143,3.3,4.9.28,0,0,4,2,130,14.46,0
kingmailer-smtp,3042,0,0,5,1,1,3.3,6.8.3,0,1,12,7,1751,84.56,0
cf7-show-page,3038,100,3,8,7,0.143,4.5,4.9.28,0,0,6,3,3779,163.71,0
chart-for-elementor,3036,0,0,4,1,1,5.8,6.5.7,0,0,8,2,276,181.17,0
cf7-notie,3035,100,3,10,10,0.1,3.1.0,4.3.34,0,0,23,15,862,74.14,0
acf-wysiwyg-styling,3030,0,0,10,10,0.1,3.5.0,4.3.34,0,0,3,1,13,6.53,0
simple-paypal-button-for-visual-composer,3010,100,1,9,9,0.111,4,4.5.33,0,0,7,2,332,35.52,0
wp-keyboard-navigation,3009,100,4,12,12,0.083,2.7,3.6.1,0,0,2,1,102,4.06,0
wp-oniad,3009,0,0,8,6,0.167,4.6,5.3.20,0,0,5,1,170,95.72,0
innovator-ai,2996,100,8,3,2,0.5,5.8,6.2.8,0,0,51,33,2439,5720.27,0
paid-memberships-pro-takbull-gateway,2985,0,0,5,1,1,4.4,6.7.4,0,1,13,8,2087,147.09,0
simple-wistia-embed,2984,100,2,10,10,0.1,4.1,4.2.39,0,0,2,1,12,1.51,0
beautiful-pull-quotes,2959,90,2,9,9,0.111,3.0.1,4.5.33,0,0,14,1,136,182.77,0
remove-code-version-tags,2935,90,2,9,1,1,3.0.1,6.8.3,0,0,2,1,16,2.19,0
spam-notifier,2924,100,1,11,1,1,3,6.8.3,0,0,9,1,258,93.48,0
mk-post-and-page-excerpts-widgets,2922,0,0,12,4,0.25,5,5.7.14,0,0,5,3,434,23.52,0
advanced-pricing-addon-wpbakery,2906,100,1,4,1,1,6.3,6.6.4,0,0,6,2,436,45.99,0
brief-message,2892,0,0,5,1,1,4.7,6.9.1,0,0,20,6,571,52.58,0
auto-fill-infusionsoft-forms,2876,100,1,9,1,1,FALSE,6.5.7,0,0,3,1,111,14.71,0
cartstack-for-woocommerce,2875,0,0,9,1,1,3.0.1,6.7.4,0,0,16,1,310,2606.01,0
divisas-chilenas,2872,0,0,11,11,0.091,4.1.0,4.1.42,0,0,3,1,178,10.41,0
funbutler-booking,2869,100,1,4,3,0.333,5.1,6.1.0,0,0,19,12,413,2847.13,0
block-ecommerce-assets-via-robots-txt,2844,0,0,5,2,0.5,4.0.1,6.3.7,0,0,5,1,55,21.62,0
idpay-paid-memberships-pro,2840,0,0,6,3,0.333,FALSE,6.1.9,0,0,4,1,631,36.96,0
auto-login-user-on-register,2799,74,3,11,11,0.091,3.5,4.1.42,0,0,3,1,24,20.2,0
wp-jcryption,2769,94,3,11,10,0.1,3.8.1,4.8.27,0,0,18,3,397,282.22,0
bring-back-admin-menu-seperators,2764,100,2,12,12,0.083,3.8,3.7.41,0,0,2,1,25,1.98,0
rating-block,2754,0,0,5,4,0.25,5.3.2,5.8.12,0,0,14,2,58,54.38,0
zarehbin,2729,0,0,3,3,0.333,4.7,6.1.9,0,0,3,2,196,13.17,0
filter-posts-by-date-range,2728,100,1,7,4,0.25,3.7,5.8.12,0,0,18,2,121,238.17,0
cron-tasks-viewer,2725,100,1,11,11,0.091,2.7,4.0.38,0,0,8,5,79,174.71,0
article,2698,0,0,5,1,1,3.4,6.7.4,0,0,10,2,401,32.85,0
digitally-custom-posts,2675,0,0,4,4,0.25,5.8,5.8.12,0,0,20,16,816,75.26,0
ym-twitter-feed,2671,100,3,11,11,0.091,3.0.1,4.0.38,0,0,2,1,135,8.85,0
responsive-media,2669,100,1,9,7,0.143,4.0.0,4.9.28,0,0,6,2,208,13.34,0
maui-marketing-script-manager,2653,100,1,10,9,0.111,3.0.1,4.3.34,0,0,14,2,1260,343.35,0
sharpen-images,2638,80,4,10,10,0.1,3.0.1,4.4.34,0,0,2,1,37,2.73,0
nutsforpress-smtp-mail,2625,0,0,5,1,1,5.3,6.9.1,0,0,19,14,1348,78.62,0
debug-status-display-footer,2601,0,0,8,1,1,3.0.1,6.9.1,0,0,5,1,56,13.61,0
light-lms-quizz,2584,80,1,5,3,0.333,5.1,6.0.11,0,0,23,1,78,142.27,0
comment-star-rating,2561,80,1,9,7,0.143,4,5.0.24,0,0,33,15,941,382.39,0
pixel-clusters,2558,100,2,6,1,1,6.4,6.9.1,0,0,11,3,1246,166.67,0
aspiesoft-auto-embed,2539,0,0,5,2,0.5,3.0.1,6.0.11,0,0,20,8,971,143.51,0
custom-variables,2535,60,1,11,11,0.091,3.7,4.0.38,0,0,10,5,143,46.07,0
addon-package-for-elementor,2512,20,1,5,5,0.2,4,5.5.17,0,0,36,7,2600,289,0
thueapi-thanh-toan-don-gian-voi-he-thong-tu-dong,2499,100,3,4,2,0.5,FALSE,6.4.7,0,0,21,4,653,394.13,0
woo-smsapi-pl,2463,0,0,8,4,0.25,4,5.4.18,0,0,421,356,27068,1402.05,0
zola-crm-add-on-for-gravity-forms,2441,0,0,6,2,0.5,4.9,6.4.7,0,0,4,2,394,20.24,0
custom-recovery-mode-email,2427,100,1,6,1,1,6,6.8.3,0,0,8,6,296,17.84,0
bi-button-changer,2422,0,0,9,9,0.111,4,4.7.31,0,0,4,1,48,25.32,0
advanced-activecampaign-site-tracking,2421,100,1,8,7,0.143,3.0.1,4.8.27,0,0,4,2,142,25.14,0
prostudio-auto-meta-images,2404,80,4,5,5,0.2,5.1,5.4.18,0,0,2,1,44,5.93,0
online-succes,2392,0,0,6,2,0.5,3.0.1,6.2.8,0,0,3,1,283,49.83,0
disable-styles-scripts,2366,84,5,11,11,0.091,1.0.0,4.0.38,0,0,5,3,277,171.26,0
distance-calculator-by-avtodispetcherru,2339,100,1,13,6,0.167,3,5.3.20,0,0,7,3,263,16.69,0
disable-email-notifications-for-new-user-registration,2316,0,0,10,10,0.1,1,4.2.39,0,0,2,1,43,2.98,0
prettycode,2286,100,2,3,3,0.333,5.8,5.9.12,0,0,235,9,476,2698.56,0
simple-meta-tag-for-pages-and-post,2231,100,1,8,8,0.125,4.8.2,4.8.27,0,0,3,2,506,40.86,0
remove-website-link-field-from-comment-section,2211,100,1,5,2,0.5,5,6.4.7,0,0,3,1,21,24.15,0
hostvn-admin-optimize,2195,100,1,5,5,0.2,4.9,5.5.17,0,0,55,36,2655,1558.82,0
wp-open-files-in-new-window,2178,20,1,11,11,0.091,3.0.1,4.0.38,0,0,5,1,17,19.99,0
wp-admin-bar-mover,2172,100,2,10,10,0.1,3.0.1,4.2.39,0,0,13,1,87,359.68,0
columns-and-sections-link-for-elementor,2164,100,1,3,3,0.333,5,6.0.11,0,0,10,5,251,10.83,0
seo-auto-image-tags,2140,0,0,8,8,0.125,4.8,4.8.27,0,0,6,3,264,37.75,0
editor-blocks-border,2106,100,2,4,4,0.25,5,5.8.12,0,0,6,3,143,25.47,0
hide-google-recaptcha-logo,2081,100,1,4,2,0.5,3.0.0,6.2.8,0,0,4,2,45,3.21,0
set-html-lang-attribute-per-post,2074,86,3,11,11,0.091,3.0.1,4.1.42,0,0,9,1,163,16.16,0
ra-new-post-auto-set-status-private,2071,0,0,11,10,0.1,4,4.2.39,0,0,4,1,34,4.72,0
hide-update-wp-message,2062,0,0,9,2,0.5,3.5.0,6.3.7,0,0,2,1,14,1.32,0
sama-payment-gateway,2027,0,0,2,2,0.5,6.0.0,6.4.7,0,0,6,3,540,28.98,0
add-device-type-to-body-class,2026,100,1,7,2,0.5,3.2,6.4.7,0,0,3,2,1370,85.39,0
cf7-thank-you-page,2009,0,0,4,1,1,6,6.9.1,0,0,11,6,714,120.73,0
covid-19-float-button,1992,0,0,5,4,0.25,5.1,5.9.12,0,0,20,2,203,2894.23,0
duplicate-me,1982,0,0,5,1,1,3.8,6.5.7,0,0,4,3,311,11.82,0
data-soap-validation,1975,0,0,3,1,1,4.5,6.7.4,0,0,12,11,778,29.77,0
grab-image-from-remote-url,1968,0,0,7,7,0.143,4.0.0,4.9.28,0,0,2,1,127,6.02,0
webico-timline-flatsome-addons,1932,100,3,7,7,0.143,4.8.0,4.8.27,0,0,199,49,1584,758.77,0
simple-sticky-header-menu,1902,0,0,4,2,0.5,4.6,6.4.7,0,0,6,1,130,9.61,0
cvw-songkick-widget,1899,0,0,6,3,0.333,5.2,6.0.11,0,0,15,5,409,68.57,0
copywriting-cz,1898,0,0,7,2,0.5,5,6.2.8,0,0,4,3,238,10.75,0
direct-logout,1865,100,2,5,5,0.2,4.7,5.6.16,0,0,5,4,952,34.99,0
make-clickable-tweet,1864,0,0,13,13,0.077,2.7,3.3.2,0,0,2,1,14,2.45,0
fix-email-return-path,1847,20,1,8,5,0.2,3.0.1,5.5.17,0,0,2,1,18,1.43,0
image-automatic-alt-text-and-caption,1842,0,0,7,7,0.143,3,5.0.24,0,0,3,2,49,2.83,0
departamentos-y-ciudades-de-colombia-para-contact-form-7,1826,0,0,3,1,1,6.6,6.7.4,0,0,7,5,118,39.43,0
webar,1798,100,1,5,5,0.2,5.4.2,5.4.18,0,0,3,1,105,8.55,0
theme-support,1794,0,0,7,7,0.143,3.0.1,4.9.28,0,0,8,2,336,150.42,0
remove-google-captcha-in-divi,1770,100,2,4,4,0.25,4.6,5.9.12,0,0,2,1,19,1.31,0
rgpd-fields-registration-form,1729,60,2,5,5,0.2,5.1,5.4.18,0,0,3,1,185,11.72,0
cocoonnoticeareascheduler,1718,0,0,5,5,0.2,4.9,5.6.16,0,0,9,4,980,36.54,0
disable-core-block-patterns,1695,100,1,5,5,0.2,FALSE,5.5.17,0,0,5,1,40,127.93,0
sepordeh-woocommerce,1663,0,0,4,1,1,4.5,6.8.3,0,0,9,5,458,34.5,0
tc-visitors-tracker,1629,0,0,7,7,0.143,4,5.0.24,0,0,351,10,6050,7069.33,0
mobile-address-bar-colorize,1512,0,0,6,3,0.333,5,6.1.9,0,0,2,1,111,6.49,0
do-you-want-cookies,1473,0,0,6,6,0.167,5.1,5.3.20,0,0,19,6,244,884.5,0
outgoing-mail-identity-editor,1449,100,1,6,6,0.167,3.0.1,5.3.20,0,0,2,1,93,4.94,0
pryc-wp-remove-languages-for-divi,1428,0,0,6,2,0.5,3.0.1,6.2.8,0,0,2,1,77,4.2,0
parse-markdown,1350,0,0,5,5,0.2,5.2,5.5.17,0,0,17,9,1888,71.55,0
search-wpml-algolia,1288,0,0,4,3,0.333,5,6.0.0,0,0,4,3,472,25.13,0
zilla-payment-gateway,1174,0,0,4,3,0.333,3.0.0,6.0.11,0,0,13,5,842,319.76,0
liquid-edge-login-page,1148,0,0,4,4,0.25,5.2,5.6.16,0,0,3,1,197,7.07,0
imager,1128,0,0,4,4,0.25,5.2,5.7.14,0,0,3,1,90,4.01,0
